sentence_id,statement_id,sentence,prediction,targets
3,SID_401,[0 0 0 1 1 0 0 0 0 0 0],0,0
3,SID_401,[0 0 0 1 1 0 0 0 0 0 0],0,0
4,SID_401,[0 0 0 0 1 0 0 0 0 0 0],0,0
7,SID_401,[0 0 0 0 1 0 0 0 0 0 0],0,0
8,SID_401,[0 0 0 0 1 0 0 0 0 0 0],0,0
9,SID_401,[0 0 0 0 0 1 0 0 0 0 0],1,0
11,SID_401,[0 0 0 0 0 0 0 1 0 0 0],1,0
15,SID_401,[0 0 0 0 0 0 0 1 0 0 0],0,0
21,SID_401,[0 0 0 0 0 1 0 0 0 0 0],0,0
22,SID_401,[0 0 0 0 0 1 0 0 0 0 0],0,0
24,SID_401,[0 0 0 0 0 0 0 1 0 0 0],0,0
28,SID_401,[0 0 0 0 0 0 0 1 0 0 0],0,0
32,SID_401,[0 0 1 1 0 0 0 0 0 0 0],0,0
34,SID_406,[0 0 0 1 1 0 0 0 0 0 0],0,0
34,SID_406,[0 0 0 1 1 0 0 0 0 0 0],0,0
35,SID_406,[0 0 0 1 1 0 0 0 0 0 0],0,0
35,SID_406,[0 0 0 1 1 0 0 0 0 0 0],0,0
36,SID_406,[0 0 0 0 1 0 0 0 0 0 0],0,0
37,SID_406,[0 0 0 0 1 0 0 0 0 0 0],0,0
38,SID_406,[0 0 0 0 1 0 0 0 0 0 0],0,0
39,SID_406,[0 0 0 1 1 0 0 0 0 0 0],0,0
39,SID_406,[0 0 0 1 1 0 0 0 0 0 0],0,0
40,SID_406,[0 0 0 1 0 0 0 0 0 0 0],0,0
41,SID_406,[0 0 0 1 0 0 0 0 0 0 0],1,0
43,SID_406,[0 0 0 1 0 0 0 0 0 0 0],0,0
44,SID_406,[0 0 0 0 0 0 0 1 0 0 0],0,0
45,SID_406,[0 0 0 0 0 0 0 1 0 0 0],0,0
46,SID_406,[0 0 0 0 0 0 0 1 0 0 0],0,0
47,SID_406,[0 0 0 0 0 0 0 1 0 0 0],1,0
54,SID_406,[0 0 0 1 0 0 0 0 0 0 0],0,0
57,SID_406,[0 0 0 0 0 0 1 0 0 0 0],0,0
58,SID_406,[0 0 0 0 0 0 1 0 0 0 0],0,0
62,SID_406,[0 0 0 0 0 1 1 0 0 0 0],0,0
62,SID_406,[0 0 0 0 0 1 1 0 0 0 0],0,0
63,SID_406,[0 0 0 0 0 1 0 0 0 0 0],0,0
68,SID_406,[0 0 0 0 0 0 1 0 0 0 0],0,0
69,SID_406,[0 0 0 0 0 0 1 0 0 0 0],0,0
71,SID_406,[0 0 0 0 0 0 1 0 0 0 0],0,0
72,SID_406,[0 0 0 0 0 0 1 0 0 0 0],0,0
73,SID_406,[0 0 0 0 0 0 0 1 0 0 0],0,0
76,SID_406,[0 0 0 0 0 0 1 0 0 0 0],0,0
80,SID_406,[0 0 0 0 0 0 0 1 0 0 0],0,0
81,SID_406,[0 0 0 0 0 0 0 1 0 0 0],0,0
82,SID_406,[0 0 0 0 0 0 0 1 0 0 0],0,0
84,SID_406,[0 0 0 0 0 0 0 1 0 0 0],0,0
87,SID_438,[0 0 0 0 0 0 0 1 0 0 0],0,0
90,SID_406,[0 0 0 0 0 0 0 1 0 0 0],0,0
92,SID_406,[0 0 0 0 0 0 1 0 0 0 0],0,0
103,SID_408,[0 0 0 1 1 0 0 0 0 0 0],0,0
103,SID_408,[0 0 0 1 1 0 0 0 0 0 0],0,0
104,SID_408,[0 0 0 0 1 0 0 0 0 0 0],0,0
105,SID_408,[0 0 0 1 1 0 0 0 0 0 0],0,0
105,SID_408,[0 0 0 1 1 0 0 0 0 0 0],0,0
106,SID_408,[0 0 0 1 1 0 0 0 0 0 0],0,0
106,SID_408,[0 0 0 1 1 0 0 0 0 0 0],0,0
116,SID_408,[0 0 0 0 0 0 1 0 0 0 0],0,0
117,SID_408,[0 0 0 0 0 0 1 0 0 0 0],0,0
119,SID_408,[0 0 0 0 0 1 0 0 0 0 0],0,0
120,SID_408,[0 0 0 0 0 0 0 1 0 0 0],1,0
121,SID_408,[0 0 0 0 0 0 0 1 0 0 0],1,0
123,SID_408,[0 0 0 0 0 0 0 1 0 0 0],1,0
124,SID_408,[0 0 0 0 0 0 0 1 0 0 0],1,0
125,SID_408,[0 0 0 0 0 0 0 1 0 0 0],0,0
126,SID_408,[0 0 0 0 0 0 0 1 0 0 0],1,0
127,SID_408,[0 0 0 0 0 0 0 1 0 0 0],1,0
128,SID_408,[0 0 0 0 0 0 0 1 0 0 0],0,0
130,SID_408,[0 0 0 0 0 0 0 1 0 0 0],0,0
131,SID_408,[0 0 0 0 0 0 0 1 0 0 0],0,0
133,SID_408,[0 0 0 0 0 0 0 1 0 0 0],0,0
136,SID_408,[0 0 0 0 0 0 0 1 0 0 0],1,1
143,SID_450,[0 0 0 0 0 0 0 1 0 0 0],0,0
144,SID_408,[0 0 0 0 0 0 0 1 0 0 0],1,0
148,SID_411,[0 0 0 1 1 0 0 0 0 0 0],0,0
148,SID_411,[0 0 0 1 1 0 0 0 0 0 0],0,0
149,SID_411,[0 0 0 0 1 0 0 0 0 0 0],1,0
150,SID_411,[0 0 0 0 1 0 0 0 0 0 0],0,0
151,SID_411,[0 0 0 0 0 1 0 0 0 0 0],0,0
152,SID_411,[0 0 0 0 0 1 0 0 0 0 0],0,0
154,SID_411,[0 0 0 0 0 1 0 0 0 0 0],0,0
155,SID_411,[0 0 0 0 0 0 1 0 0 0 0],0,0
156,SID_411,[0 0 0 0 0 0 1 0 0 0 0],0,0
158,SID_411,[0 0 0 0 0 0 0 1 0 0 0],0,0
160,SID_411,[0 0 0 0 0 0 0 1 0 0 0],0,0
163,SID_411,[0 0 0 0 0 0 0 1 0 0 0],0,0
166,SID_411,[0 0 0 0 0 0 0 1 0 0 0],0,0
170,SID_411,[0 0 0 0 0 0 0 1 0 0 0],0,0
171,SID_411,[0 0 0 0 0 0 0 1 0 0 0],0,0
172,SID_411,[0 0 0 0 0 1 0 0 0 0 0],0,0
177,SID_411,[0 0 0 0 0 0 0 0 0 1 0],0,0
179,SID_411,[0 0 0 0 0 0 0 1 0 0 0],1,0
181,SID_411,[0 0 0 0 0 0 0 1 0 0 0],0,1
182,SID_411,[0 0 0 0 0 0 0 1 0 0 0],0,1
191,SID_412,[0 0 0 0 1 0 0 0 0 0 0],0,0
192,SID_412,[0 0 0 0 1 0 0 0 0 0 0],0,0
193,SID_412,[0 0 0 0 1 0 0 0 0 0 0],0,0
194,SID_412,[0 0 0 0 1 0 0 0 0 0 0],0,0
195,SID_412,[0 0 0 0 0 1 0 0 0 0 0],0,0
198,SID_412,[0 0 0 0 1 0 0 0 0 0 0],0,0
199,SID_412,[0 0 0 0 1 0 0 0 0 0 0],0,0
200,SID_412,[0 0 0 0 1 0 0 0 0 0 0],0,0
201,SID_412,[0 0 0 0 1 0 0 0 0 0 0],0,0
202,SID_412,[0 0 0 0 1 0 0 0 0 0 0],0,0
203,SID_412,[0 0 0 0 1 0 0 0 0 0 0],0,0
204,SID_412,[0 0 0 0 1 0 0 0 0 0 0],0,0
207,SID_412,[0 0 0 0 0 0 0 1 0 0 0],0,0
208,SID_412,[0 0 0 0 0 0 0 1 0 0 0],0,0
209,SID_412,[0 0 0 0 0 0 0 1 0 0 0],0,0
210,SID_412,[0 0 0 0 0 0 0 1 0 0 0],0,0
211,SID_412,[0 0 0 0 0 0 0 1 0 0 0],0,0
212,SID_412,[0 0 0 0 0 0 0 1 0 0 0],1,0
213,SID_412,[0 0 0 0 0 0 0 1 0 0 0],0,0
214,SID_412,[0 0 0 0 0 0 0 1 0 0 0],0,0
216,SID_412,[0 0 0 0 0 0 0 1 0 0 0],0,0
217,SID_412,[0 0 0 0 0 0 0 1 0 0 0],0,0
218,SID_412,[0 0 0 0 0 0 0 1 0 0 0],0,0
220,SID_412,[0 0 0 0 0 0 0 1 0 0 0],0,0
222,SID_412,[0 0 0 0 0 0 0 1 0 0 0],0,0
225,SID_412,[0 0 0 0 0 0 1 0 0 0 0],0,0
226,SID_412,[0 0 0 0 0 0 1 0 0 0 0],0,0
227,SID_412,[0 0 0 0 0 0 0 0 0 1 0],0,0
229,SID_476,[0 0 0 0 0 0 0 1 0 0 0],0,0
230,SID_412,[0 0 0 0 0 0 0 0 0 1 0],0,0
234,SID_412,[0 0 0 0 0 0 0 0 0 1 0],1,0
238,SID_412,[0 0 0 0 0 0 0 1 0 0 0],0,0
239,SID_412,[0 0 0 0 0 0 0 1 0 0 0],0,0
259,SID_414,[0 0 0 0 0 0 0 0 0 1 0],0,0
263,SID_414,[0 0 0 0 1 0 0 0 0 0 0],0,0
264,SID_414,[0 0 0 1 0 0 0 0 0 0 0],0,0
272,SID_414,[0 0 0 0 0 1 0 0 0 0 0],0,0
273,SID_414,[0 0 0 0 0 1 0 0 0 0 0],0,0
276,SID_414,[0 0 0 0 0 0 0 1 0 0 0],0,0
280,SID_414,[0 0 0 0 0 0 0 1 0 0 0],0,0
282,SID_479,[0 0 0 0 0 0 0 1 0 0 0],1,0
291,SID_416,[0 0 0 0 1 0 0 0 0 0 0],0,0
292,SID_416,[0 0 0 1 1 0 0 0 0 0 0],0,0
292,SID_416,[0 0 0 1 1 0 0 0 0 0 0],0,0
293,SID_416,[0 0 0 0 1 0 0 0 0 0 0],0,0
294,SID_416,[0 0 0 1 0 0 0 0 0 0 0],0,0
301,SID_416,[0 0 0 1 0 0 0 0 0 0 0],0,0
302,SID_416,[0 0 0 1 0 0 0 0 0 0 0],0,0
306,SID_416,[0 0 0 0 0 1 0 0 0 0 0],0,0
308,SID_416,[0 0 0 0 0 1 0 0 0 0 0],0,0
309,SID_416,[0 0 0 0 0 1 0 0 0 0 0],0,0
311,SID_416,[0 0 0 0 0 0 0 1 0 0 0],0,0
312,SID_416,[0 0 0 0 0 0 0 0 0 1 0],0,0
313,SID_416,[0 0 0 0 0 0 0 1 0 0 0],1,0
318,SID_416,[0 0 0 0 0 0 0 1 0 0 0],0,0
319,SID_416,[0 0 0 0 0 0 0 1 0 0 0],0,0
320,SID_416,[0 0 0 0 0 0 0 1 0 0 0],0,0
325,SID_521,[0 0 0 0 0 0 0 1 0 0 0],0,0
344,SID_421,[0 0 1 1 0 0 0 0 0 0 0],0,0
346,SID_421,[0 0 0 0 1 0 0 0 0 0 0],0,0
347,SID_421,[0 0 0 0 1 0 0 0 0 0 0],0,0
348,SID_421,[0 0 0 0 1 0 0 0 0 0 0],0,0
349,SID_421,[0 0 0 1 1 0 0 0 0 0 0],0,0
349,SID_421,[0 0 0 1 1 0 0 0 0 0 0],0,0
350,SID_421,[0 0 0 0 0 1 0 0 0 0 0],0,0
357,SID_421,[0 0 0 0 0 0 0 1 0 0 0],0,0
359,SID_421,[0 0 0 0 0 0 0 1 0 0 0],0,0
361,SID_421,[0 0 0 0 0 0 0 1 0 0 0],0,0
364,SID_421,[0 0 0 0 0 0 0 1 0 0 0],0,0
368,SID_421,[0 0 0 0 0 0 0 1 0 0 0],1,0
370,SID_421,[0 0 0 0 0 0 0 1 0 0 0],0,0
371,SID_421,[0 0 0 0 0 0 0 1 0 0 0],0,0
373,SID_421,[0 0 0 0 0 0 0 1 0 0 0],1,0
376,SID_421,[0 0 0 0 0 0 0 1 0 0 0],0,0
377,SID_421,[0 0 0 0 0 0 0 1 0 0 0],0,0
378,SID_421,[0 0 0 0 0 0 0 1 0 0 0],0,0
383,SID_421,[0 0 0 0 0 0 0 1 0 0 0],0,0
384,SID_421,[0 0 0 0 0 0 1 0 0 0 0],0,0
385,SID_421,[0 0 0 0 0 0 0 1 0 0 0],0,0
386,SID_421,[0 0 0 0 0 0 0 0 0 1 0],0,0
387,SID_421,[0 0 0 0 0 0 0 1 0 0 0],1,0
390,SID_421,[0 0 0 0 0 0 0 0 0 1 0],0,0
391,SID_421,[0 0 0 0 0 0 0 1 0 0 0],0,0
392,SID_421,[0 0 0 0 0 0 0 1 0 0 0],0,0
395,SID_421,[0 0 0 0 0 0 0 1 0 0 0],0,0
398,SID_421,[0 0 0 0 0 0 0 1 0 0 0],0,0
399,SID_421,[0 0 0 0 0 0 0 1 0 0 0],0,0
400,SID_421,[0 0 0 0 0 0 0 1 0 0 0],0,0
401,SID_421,[1 0 0 1 0 0 0 0 0 0 0],0,0
402,SID_421,[0 0 0 0 0 0 0 0 0 0 1],0,0
403,SID_421,[1 0 0 1 0 0 0 0 0 0 0],0,0
404,SID_421,[0 0 0 1 0 0 0 0 0 0 0],0,0
405,SID_421,[0 0 0 1 0 0 0 0 0 0 0],0,0
406,SID_421,[0 0 0 1 0 0 0 0 0 0 1],0,0
406,SID_421,[0 0 0 1 0 0 0 0 0 0 1],0,0
407,SID_421,[0 0 0 0 0 0 0 1 0 0 0],1,0
414,SID_422,[0 0 0 1 0 0 0 0 0 0 0],0,0
415,SID_422,[0 0 0 0 1 0 0 0 0 0 0],0,0
416,SID_422,[0 0 0 1 0 0 0 0 0 0 0],0,0
417,SID_422,[0 0 0 0 1 0 0 0 0 0 0],0,0
418,SID_422,[0 0 0 0 1 0 0 0 0 0 0],0,0
419,SID_422,[0 0 0 0 1 0 0 0 0 0 0],0,0
424,SID_422,[0 0 0 0 0 1 0 0 0 0 0],0,0
428,SID_422,[0 0 0 0 0 0 0 1 0 0 0],0,0
431,SID_422,[0 0 0 1 1 0 0 0 0 0 0],0,0
431,SID_422,[0 0 0 1 1 0 0 0 0 0 0],0,0
432,SID_422,[0 0 0 0 0 0 0 1 0 0 0],0,0
435,SID_422,[0 0 0 0 0 0 0 1 0 0 0],0,0
440,SID_422,[0 0 0 0 0 0 0 1 0 0 0],0,0
442,SID_534,[0 0 0 0 0 0 0 1 0 0 0],1,0
446,SID_422,[0 0 0 0 0 0 0 1 0 0 0],0,0
447,SID_422,[0 0 0 0 0 0 0 1 0 0 0],0,0
448,SID_422,[0 0 0 0 0 0 0 1 0 0 0],0,0
449,SID_422,[0 0 0 0 0 0 0 1 0 0 0],0,0
452,SID_422,[0 0 0 0 0 0 0 1 0 0 0],0,0
455,SID_422,[0 0 0 0 0 0 0 1 0 0 0],0,0
456,SID_422,[0 0 0 0 0 0 0 1 0 0 0],1,1
458,SID_422,[0 0 0 0 0 0 0 1 0 0 0],0,0
460,SID_422,[0 0 0 0 0 0 0 1 0 0 0],0,0
461,SID_422,[0 0 0 0 0 0 0 1 0 0 0],0,0
464,SID_422,[0 0 0 0 0 0 0 1 0 0 0],1,1
467,SID_422,[0 0 0 0 0 0 0 1 0 0 0],1,1
476,SID_425,[0 0 0 0 0 0 0 1 0 0 0],0,0
477,SID_425,[0 0 0 1 1 0 0 0 0 0 0],0,0
477,SID_425,[0 0 0 1 1 0 0 0 0 0 0],0,0
478,SID_425,[0 0 0 0 1 0 0 0 0 0 0],1,0
479,SID_425,[0 0 0 0 1 0 0 0 0 0 0],0,0
480,SID_425,[0 0 0 0 0 0 0 1 0 0 0],1,0
481,SID_425,[0 0 0 0 0 0 0 1 0 0 0],0,0
482,SID_425,[0 0 0 0 0 1 0 0 0 0 0],0,0
484,SID_425,[0 0 0 0 0 1 0 0 0 0 0],0,0
486,SID_425,[0 0 0 0 0 0 0 1 0 0 0],0,0
489,SID_425,[0 0 0 0 0 0 0 1 0 0 0],0,0
490,SID_425,[0 0 0 0 0 0 0 1 0 0 0],0,0
491,SID_425,[0 0 0 0 0 0 0 1 0 0 0],0,0
492,SID_425,[0 0 0 0 0 0 0 1 0 0 0],1,0
500,SID_425,[0 0 0 0 0 0 0 0 0 1 0],0,0
501,SID_425,[0 0 0 0 0 0 0 1 0 0 0],0,0
503,SID_425,[0 0 0 0 0 0 0 1 0 0 0],1,0
506,SID_425,[0 0 0 0 0 0 0 1 0 0 0],0,0
507,SID_425,[0 0 0 0 0 0 0 1 0 0 0],0,0
510,SID_425,[0 0 0 0 0 0 1 0 0 0 0],0,0
511,SID_425,[0 0 0 0 0 0 1 0 0 0 0],1,0
515,SID_425,[0 0 0 0 0 0 0 1 0 0 0],0,0
516,SID_425,[0 0 0 0 0 0 0 1 0 0 0],0,0
517,SID_425,[0 0 0 0 0 0 0 1 0 0 0],0,0
519,SID_425,[0 0 0 0 0 0 0 1 0 0 0],0,0
520,SID_425,[0 0 0 0 0 0 0 1 0 0 0],0,0
521,SID_425,[0 0 0 0 0 0 0 1 0 0 0],0,0
522,SID_425,[0 0 0 0 0 0 0 1 0 0 0],0,0
524,SID_425,[0 0 0 0 0 0 0 1 0 0 0],1,0
525,SID_425,[0 0 0 0 0 0 0 1 0 0 0],0,1
527,SID_425,[0 0 0 0 0 0 0 1 0 0 0],0,1
528,SID_425,[0 0 0 0 0 0 0 0 0 1 0],1,1
530,SID_425,[0 0 0 0 0 0 0 0 0 1 0],1,1
532,SID_425,[0 0 0 1 0 0 0 0 0 0 0],0,0
535,SID_426,[0 0 0 1 1 0 0 0 0 0 0],0,0
535,SID_426,[0 0 0 1 1 0 0 0 0 0 0],0,0
536,SID_426,[0 0 0 0 1 0 0 0 0 0 0],0,0
539,SID_426,[0 0 0 0 1 0 0 0 0 0 0],0,0
540,SID_426,[0 0 0 0 1 0 0 0 0 0 0],0,0
542,SID_426,[0 0 0 0 1 0 0 0 0 0 0],0,0
544,SID_426,[0 0 0 1 0 0 0 0 0 0 0],0,0
545,SID_426,[0 0 0 1 1 0 0 0 0 0 0],0,0
545,SID_426,[0 0 0 1 1 0 0 0 0 0 0],0,0
546,SID_426,[0 0 0 1 1 0 0 0 0 0 0],0,0
546,SID_426,[0 0 0 1 1 0 0 0 0 0 0],0,0
547,SID_426,[0 0 0 1 1 0 0 0 0 0 0],0,0
547,SID_426,[0 0 0 1 1 0 0 0 0 0 0],0,0
549,SID_426,[0 0 0 0 1 0 0 0 0 0 0],0,0
550,SID_426,[0 0 0 0 1 0 0 0 0 0 0],0,0
551,SID_426,[0 0 0 1 1 0 0 0 0 0 0],0,0
551,SID_426,[0 0 0 1 1 0 0 0 0 0 0],0,0
552,SID_426,[0 0 0 1 1 0 0 0 0 0 0],0,0
552,SID_426,[0 0 0 1 1 0 0 0 0 0 0],0,0
559,SID_426,[0 0 0 0 0 0 0 1 0 0 0],0,0
566,SID_426,[0 0 0 0 0 0 0 1 0 0 0],0,0
573,SID_426,[0 0 0 0 0 0 0 0 0 1 0],0,0
575,SID_426,[0 0 0 0 0 0 0 1 0 0 0],0,0
577,SID_426,[0 0 0 0 0 0 0 1 0 0 0],0,0
578,SID_426,[0 0 0 0 0 0 0 1 0 0 0],0,0
580,SID_426,[0 0 0 1 0 0 0 0 0 0 0],0,0
591,SID_429,[0 0 0 1 0 0 0 0 0 0 0],1,0
593,SID_429,[0 0 0 1 1 0 0 0 0 0 0],0,0
593,SID_429,[0 0 0 1 1 0 0 0 0 0 0],0,0
594,SID_429,[0 0 0 1 1 0 0 0 0 0 0],0,0
594,SID_429,[0 0 0 1 1 0 0 0 0 0 0],0,0
595,SID_429,[0 0 0 0 1 0 0 0 0 0 0],0,0
596,SID_429,[0 0 0 0 0 1 0 0 0 0 0],0,0
597,SID_429,[0 0 0 0 0 1 0 0 0 0 0],0,0
598,SID_429,[0 0 0 0 0 0 0 1 0 0 0],0,0
610,SID_429,[0 0 0 0 0 0 0 1 0 0 0],0,0
614,SID_429,[0 0 0 0 0 0 0 0 1 0 0],1,0
615,SID_544,[0 0 0 0 0 0 0 1 0 0 0],0,0
616,SID_544,[0 0 0 0 0 0 0 1 0 0 0],0,0
617,SID_554,[0 0 0 0 0 0 0 1 0 0 0],0,0
619,SID_429,[0 0 0 0 0 0 0 1 0 0 0],0,0
620,SID_583,[0 0 0 0 0 0 0 1 0 0 0],0,0
621,SID_429,[0 0 0 0 0 0 0 1 0 0 0],0,0
624,SID_429,[0 0 0 0 0 0 0 1 0 0 0],0,0
625,SID_429,[0 0 0 0 0 0 0 1 0 0 0],0,0
626,SID_429,[0 0 0 0 0 0 0 1 0 0 0],0,0
629,SID_429,[0 0 0 0 0 0 0 0 0 1 0],0,0
630,SID_429,[0 0 0 0 0 0 0 0 0 1 0],0,0
632,SID_429,[0 0 0 0 0 0 0 1 0 0 0],0,0
635,SID_408,[0 0 0 0 0 0 0 0 0 1 0],1,1
638,SID_429,[0 0 0 0 0 0 0 0 1 0 0],0,0
642,SID_429,[0 0 0 0 0 0 0 0 1 0 0],0,0
644,SID_429,[0 0 0 0 0 0 0 1 0 0 0],0,0
646,SID_429,[0 0 0 0 0 0 0 1 0 0 0],0,0
647,SID_429,[0 0 0 0 0 0 0 1 0 0 0],0,0
649,SID_429,[0 0 0 0 0 0 0 1 0 0 0],0,0
650,SID_429,[0 0 0 0 0 0 1 0 0 0 0],0,0
653,SID_429,[0 0 0 0 0 0 1 0 0 0 0],0,0
654,SID_429,[0 0 0 0 0 0 1 0 0 0 0],0,0
657,SID_429,[0 0 0 0 0 0 1 0 0 0 0],0,0
658,SID_429,[0 0 0 0 0 0 0 1 0 0 0],0,0
661,SID_429,[0 0 0 0 0 0 1 0 0 0 0],0,0
664,SID_476,[0 0 0 0 0 0 0 0 1 0 0],1,0
665,SID_429,[0 0 0 0 0 0 0 0 0 1 0],0,0
668,SID_429,[0 0 0 0 0 0 1 0 0 0 0],0,0
671,SID_429,[0 0 0 0 0 0 0 1 0 0 0],0,0
672,SID_429,[0 0 0 0 0 0 0 1 0 0 0],0,0
674,SID_429,[0 0 0 0 0 0 0 1 0 0 0],0,0
675,SID_429,[0 0 0 0 0 0 0 1 0 0 0],0,0
676,SID_476,[0 0 0 0 0 0 0 1 1 0 0],0,0
676,SID_476,[0 0 0 0 0 0 0 1 1 0 0],0,0
679,SID_429,[0 0 0 0 0 0 0 0 0 1 0],0,0
687,SID_429,[0 0 0 0 0 0 0 1 0 0 0],0,1
688,SID_429,[0 0 0 0 0 0 1 0 0 0 0],1,1
689,SID_429,[0 0 0 0 0 0 0 1 0 0 0],0,0
701,SID_430,[0 0 0 1 1 0 0 0 0 0 0],1,0
701,SID_430,[0 0 0 1 1 0 0 0 0 0 0],1,0
702,SID_430,[0 0 0 0 1 0 0 0 0 0 0],0,0
704,SID_430,[0 0 0 1 1 0 0 0 0 0 0],0,0
704,SID_430,[0 0 0 1 1 0 0 0 0 0 0],0,0
705,SID_430,[0 0 0 0 0 1 0 0 0 0 0],0,0
706,SID_430,[0 0 0 0 1 0 0 0 0 0 0],0,0
707,SID_430,[0 0 0 0 0 1 0 0 0 0 0],0,0
708,SID_430,[0 0 0 0 0 0 0 1 0 0 0],0,0
710,SID_430,[0 0 0 0 0 0 0 1 0 0 0],0,0
711,SID_430,[0 0 0 0 0 0 0 1 0 0 0],0,0
713,SID_430,[0 0 0 0 0 0 0 1 0 0 0],1,0
714,SID_430,[0 0 0 0 0 0 0 1 0 0 0],0,0
716,SID_430,[0 0 0 0 0 0 0 1 0 0 0],1,0
718,SID_406,[0 0 0 0 0 0 0 1 0 0 0],0,0
720,SID_406,[0 0 0 0 0 0 0 1 0 0 0],1,0
721,SID_406,[0 0 0 0 0 0 0 1 0 0 0],0,0
722,SID_406,[0 0 0 0 0 0 0 1 0 0 0],0,0
723,SID_430,[0 0 0 0 0 0 0 1 0 0 0],0,0
724,SID_408,[0 0 0 0 0 0 0 1 0 0 0],0,0
725,SID_430,[0 0 0 0 0 0 0 1 0 0 0],0,0
726,SID_430,[0 0 0 0 0 0 0 1 0 0 0],0,0
727,SID_430,[0 0 0 0 0 0 0 1 0 0 0],0,0
728,SID_430,[0 0 0 0 0 0 0 1 0 0 0],0,0
729,SID_430,[0 0 0 0 0 0 0 1 0 0 0],0,0
730,SID_430,[0 0 0 0 0 0 0 1 0 0 0],0,0
732,SID_430,[0 0 0 0 0 0 0 1 0 0 0],0,0
734,SID_430,[0 0 0 0 0 0 0 1 0 0 0],1,0
735,SID_430,[0 0 0 0 0 0 0 1 0 0 0],0,0
736,SID_430,[0 0 0 0 0 0 0 1 0 0 0],0,0
737,SID_430,[0 0 0 0 0 0 0 0 0 1 0],1,1
748,SID_431,[0 0 0 1 0 0 0 0 0 0 0],0,0
749,SID_431,[0 0 0 1 0 0 0 0 0 0 0],0,0
750,SID_431,[0 0 0 1 0 0 0 0 0 0 0],0,0
751,SID_431,[0 0 0 1 1 0 0 0 0 0 0],0,0
751,SID_431,[0 0 0 1 1 0 0 0 0 0 0],0,0
752,SID_431,[0 0 0 0 0 0 0 1 0 0 0],0,0
753,SID_431,[0 0 0 0 1 0 0 0 0 0 0],0,0
755,SID_431,[0 0 0 0 0 1 0 0 0 0 0],0,0
756,SID_431,[0 0 0 0 0 1 0 0 0 0 0],0,0
757,SID_411,[0 0 0 0 0 0 0 1 0 0 0],0,1
759,SID_431,[0 0 0 0 0 0 0 1 0 0 0],1,0
761,SID_431,[0 0 0 0 0 0 0 1 0 0 0],0,0
763,SID_431,[0 0 0 0 0 0 0 1 0 0 0],0,0
766,SID_414,[0 0 0 0 0 0 0 1 0 0 0],0,0
767,SID_431,[0 0 0 0 0 0 0 1 0 0 0],0,0
770,SID_431,[0 0 0 0 0 0 0 1 0 0 0],1,0
772,SID_431,[0 0 0 0 0 0 0 1 0 0 0],0,0
773,SID_431,[0 0 0 0 0 0 0 1 0 0 0],0,0
774,SID_431,[0 0 0 0 0 0 0 1 0 0 0],0,0
775,SID_431,[0 0 0 0 0 0 0 1 0 0 0],0,0
776,SID_431,[0 0 0 0 0 0 0 1 0 0 0],1,1
778,SID_431,[0 0 0 0 0 0 0 1 0 0 0],0,0
779,SID_431,[0 0 0 0 0 0 0 1 0 0 0],0,0
780,SID_431,[0 0 0 0 0 0 0 1 0 0 0],0,0
781,SID_431,[0 0 0 0 0 0 0 1 0 0 0],0,0
782,SID_431,[0 0 0 0 0 0 0 1 0 0 0],1,0
784,SID_431,[0 0 0 0 0 0 0 1 0 0 0],0,0
789,SID_431,[0 0 0 0 0 0 0 1 0 0 0],0,0
790,SID_431,[0 0 0 0 0 0 0 1 0 0 0],0,0
791,SID_431,[0 0 0 0 0 0 0 1 0 0 0],0,0
795,SID_431,[0 0 0 0 0 0 0 1 0 0 0],0,0
797,SID_431,[0 0 0 0 0 0 0 1 0 0 0],0,0
798,SID_431,[0 0 0 0 0 0 0 1 0 0 0],0,0
799,SID_431,[0 0 0 0 0 0 0 1 0 0 0],0,0
800,SID_431,[0 0 0 0 0 0 0 1 0 0 0],0,0
802,SID_431,[0 0 0 0 0 0 0 1 0 1 0],0,0
802,SID_431,[0 0 0 0 0 0 0 1 0 1 0],0,0
805,SID_431,[0 0 0 0 0 0 0 1 0 0 0],0,0
806,SID_431,[0 0 0 0 0 0 0 1 0 0 0],0,0
809,SID_435,[0 0 0 1 0 0 0 0 0 0 0],1,0
810,SID_435,[0 0 0 0 1 0 0 0 0 0 0],0,0
811,SID_435,[0 0 0 0 0 0 0 1 0 0 0],1,0
812,SID_435,[0 0 0 0 0 0 0 1 0 0 0],0,0
813,SID_435,[0 0 0 0 0 0 0 1 0 0 0],0,0
814,SID_435,[0 0 0 0 0 0 0 1 0 1 0],0,0
814,SID_435,[0 0 0 0 0 0 0 1 0 1 0],0,0
816,SID_435,[0 0 0 0 0 0 0 1 0 0 0],0,0
817,SID_435,[0 0 0 0 0 0 0 0 1 0 0],1,0
818,SID_435,[0 0 0 0 0 0 0 1 0 0 0],1,0
820,SID_435,[0 0 0 0 0 0 0 0 0 1 0],0,0
821,SID_435,[0 0 0 0 0 0 1 0 0 0 0],0,0
822,SID_435,[0 0 0 0 0 0 1 0 0 0 0],0,0
823,SID_435,[0 0 0 0 0 0 0 1 0 0 0],0,0
827,SID_435,[0 0 0 0 0 0 0 1 0 0 0],0,0
835,SID_435,[0 0 0 0 0 0 0 1 0 0 0],0,0
836,SID_435,[0 0 0 0 0 0 1 0 0 0 0],0,0
837,SID_435,[0 0 0 0 0 0 0 1 0 0 0],0,0
838,SID_435,[0 0 0 0 0 0 0 1 0 0 0],0,0
839,SID_435,[0 0 0 0 0 0 0 1 0 0 0],0,1
840,SID_435,[0 0 0 0 0 0 0 0 1 0 0],0,0
841,SID_435,[0 0 0 0 0 0 1 0 0 0 0],0,0
843,SID_435,[0 0 0 0 0 0 0 1 0 0 0],1,1
844,SID_435,[0 0 0 0 0 0 0 1 0 0 0],1,1
846,SID_435,[0 0 0 0 0 0 0 1 0 0 0],1,1
863,SID_438,[0 0 0 0 1 0 0 0 0 0 0],0,0
864,SID_438,[0 0 0 1 0 0 0 0 0 0 0],0,0
865,SID_438,[0 0 0 0 1 0 0 0 0 0 0],0,0
866,SID_438,[0 0 0 1 1 0 0 0 0 0 0],0,0
866,SID_438,[0 0 0 1 1 0 0 0 0 0 0],0,0
877,SID_416,[0 0 0 0 0 0 0 1 0 1 0],0,0
877,SID_416,[0 0 0 0 0 0 0 1 0 1 0],0,0
878,SID_438,[0 0 0 0 0 0 0 1 0 0 0],0,0
892,SID_416,[0 0 0 0 0 0 0 1 0 0 0],0,0
901,SID_438,[0 0 0 0 0 0 0 1 0 0 0],0,0
923,SID_438,[0 0 0 0 0 0 0 1 0 0 0],0,0
927,SID_438,[0 0 0 0 0 0 0 1 0 0 0],0,0
934,SID_438,[0 0 0 0 0 0 0 1 0 0 0],0,0
935,SID_438,[0 0 0 0 0 0 0 1 0 0 0],0,0
942,SID_438,[0 0 0 0 0 0 0 1 0 0 0],0,0
945,SID_438,[0 0 0 0 0 0 0 1 0 0 0],0,0
953,SID_438,[0 0 0 0 0 0 0 1 0 0 0],0,0
957,SID_438,[0 0 0 0 0 0 0 0 1 0 0],0,0
959,SID_438,[0 0 0 0 0 0 0 0 1 0 0],0,0
995,SID_422,[0 0 0 0 0 0 0 1 0 0 0],1,0
1005,SID_438,[0 0 0 0 0 0 0 1 0 0 0],1,0
1008,SID_438,[0 0 0 0 0 0 0 0 0 1 0],0,0
1014,SID_429,[0 0 0 0 0 0 0 1 0 0 0],1,0
1016,SID_442,[0 0 0 1 0 0 0 0 0 0 0],0,0
1017,SID_442,[0 0 0 1 0 0 0 0 0 0 0],0,0
1018,SID_442,[0 0 0 1 0 0 0 0 0 0 0],0,0
1019,SID_442,[0 0 0 0 1 0 0 0 0 0 0],0,0
1020,SID_442,[0 0 0 0 1 0 0 0 0 0 0],0,0
1021,SID_442,[0 0 0 0 0 0 1 0 0 0 0],0,0
1022,SID_442,[0 0 0 0 1 0 0 0 0 0 0],0,0
1023,SID_442,[0 0 0 0 0 0 1 0 0 0 0],0,0
1025,SID_442,[0 0 0 0 0 0 0 1 0 0 0],0,0
1026,SID_442,[0 0 0 0 0 0 0 1 0 0 0],0,0
1035,SID_443,[0 0 0 0 1 0 0 0 0 0 0],0,0
1036,SID_443,[0 0 0 0 0 1 0 0 0 0 0],0,0
1037,SID_443,[0 0 1 1 0 0 0 0 0 0 0],0,0
1039,SID_443,[0 0 0 0 0 0 0 1 0 1 0],0,0
1039,SID_443,[0 0 0 0 0 0 0 1 0 1 0],0,0
1040,SID_443,[0 0 0 0 0 1 0 0 0 0 0],0,0
1041,SID_443,[0 0 0 0 0 1 0 0 0 0 0],0,0
1044,SID_443,[0 0 0 0 0 0 0 1 0 0 0],0,0
1047,SID_443,[0 0 0 0 0 0 0 1 0 0 0],0,0
1048,SID_443,[0 0 0 0 0 0 0 1 0 0 0],1,0
1049,SID_443,[0 0 0 0 0 0 0 1 0 0 0],0,0
1050,SID_443,[0 0 0 0 0 0 0 1 0 0 0],0,0
1054,SID_443,[0 0 0 0 0 0 0 1 0 0 0],0,0
1055,SID_443,[0 0 0 0 0 0 0 1 0 0 0],0,0
1056,SID_443,[0 0 0 0 0 0 0 1 0 0 0],0,0
1057,SID_443,[0 0 0 0 0 0 0 1 0 0 0],0,0
1060,SID_443,[0 0 0 0 0 0 0 1 0 0 0],0,0
1062,SID_443,[0 0 0 0 0 0 0 0 1 0 0],0,0
1063,SID_443,[0 0 0 0 0 0 0 1 0 0 0],0,0
1064,SID_443,[0 0 0 0 0 0 0 1 0 0 0],0,0
1065,SID_443,[0 0 0 0 0 0 0 0 0 1 0],1,0
1073,SID_445,[0 0 0 0 0 0 0 1 0 0 0],0,0
1075,SID_445,[0 0 0 0 1 0 0 0 0 0 0],0,0
1076,SID_445,[0 0 0 0 1 0 0 0 0 0 0],1,0
1077,SID_445,[0 0 0 0 1 0 0 0 0 0 0],1,0
1078,SID_445,[0 0 0 0 1 0 0 0 0 0 0],0,0
1110,SID_445,[0 0 0 1 0 0 0 0 0 0 0],0,0
1111,SID_445,[0 0 0 1 0 0 0 0 0 0 0],0,0
1112,SID_445,[0 0 0 1 0 0 0 0 0 0 0],0,0
1113,SID_445,[0 0 0 1 0 0 0 0 0 0 0],0,0
1115,SID_445,[0 0 0 1 0 0 0 0 0 0 0],0,0
1116,SID_445,[0 0 0 1 0 0 0 0 0 0 0],0,0
1117,SID_445,[0 0 0 1 0 0 0 0 0 0 0],0,0
1118,SID_445,[0 0 0 1 0 0 0 0 0 0 0],0,0
1119,SID_445,[0 0 0 1 0 0 0 0 0 0 0],0,0
1120,SID_445,[0 0 0 1 0 0 0 0 0 0 0],0,0
1121,SID_445,[0 0 0 1 1 0 0 0 0 0 0],0,0
1121,SID_445,[0 0 0 1 1 0 0 0 0 0 0],0,0
1122,SID_445,[0 0 0 0 1 0 0 0 0 0 0],0,0
1123,SID_445,[0 0 0 0 0 0 0 1 0 0 0],0,0
1129,SID_445,[0 0 0 0 0 0 0 1 0 0 0],0,0
1130,SID_445,[0 0 0 0 0 0 0 1 0 0 0],0,0
1132,SID_445,[0 0 0 0 0 0 0 1 0 0 0],0,0
1135,SID_445,[0 0 0 0 0 0 0 1 0 0 0],1,0
1138,SID_445,[0 0 0 0 0 0 0 0 1 0 0],1,0
1139,SID_445,[0 0 0 0 0 0 0 1 0 0 0],1,1
1140,SID_445,[0 0 0 0 0 0 1 0 0 0 0],0,0
1141,SID_445,[0 0 0 0 0 0 1 0 0 0 0],0,0
1142,SID_445,[0 0 0 0 0 1 0 0 0 0 0],0,0
1143,SID_445,[0 0 0 0 0 1 0 0 0 0 0],1,0
1144,SID_445,[0 0 0 1 0 0 0 0 0 0 0],0,0
1145,SID_445,[0 0 0 0 0 1 0 0 0 0 0],0,0
1146,SID_445,[0 0 0 0 0 1 0 0 0 0 0],0,0
1147,SID_445,[0 0 0 0 0 1 0 0 0 0 0],0,0
1148,SID_445,[0 0 0 0 0 1 0 0 0 0 0],0,0
1149,SID_445,[0 0 0 0 0 0 0 1 0 0 0],0,0
1150,SID_445,[0 0 0 0 0 0 0 1 0 0 0],0,0
1151,SID_429,[0 0 0 0 0 0 0 1 0 0 0],0,0
1152,SID_445,[0 0 0 0 0 0 0 1 0 0 0],0,0
1154,SID_445,[0 0 0 0 1 0 0 0 0 0 0],0,0
1157,SID_445,[0 0 0 0 0 0 0 1 0 0 0],1,1
1160,SID_445,[0 0 0 0 0 0 0 1 0 0 0],0,0
1161,SID_445,[0 0 0 0 0 0 0 1 0 0 0],0,0
1165,SID_445,[0 0 0 0 0 0 0 1 0 0 0],0,0
1167,SID_445,[0 0 0 0 0 0 0 0 0 1 0],0,0
1168,SID_445,[0 0 0 0 0 0 0 1 0 0 0],0,0
1180,SID_450,[0 0 0 0 0 0 0 1 0 0 0],0,0
1195,SID_450,[0 0 0 0 0 0 0 1 0 0 0],0,0
1206,SID_450,[0 0 0 1 0 0 0 0 0 0 0],1,0
1207,SID_450,[0 0 0 1 0 0 0 0 0 0 0],0,0
1210,SID_450,[0 0 0 0 1 0 0 0 0 0 0],0,0
1211,SID_450,[0 0 0 1 1 0 0 0 0 0 0],0,0
1211,SID_450,[0 0 0 1 1 0 0 0 0 0 0],0,0
1214,SID_450,[0 0 0 0 0 1 0 0 0 0 0],0,0
1217,SID_450,[0 0 0 0 0 0 1 0 0 0 0],0,0
1219,SID_450,[0 0 0 0 0 0 1 0 0 0 0],0,0
1220,SID_450,[0 0 0 0 0 0 1 0 0 0 0],0,0
1233,SID_450,[0 0 0 0 0 0 0 1 0 0 0],0,0
1234,SID_450,[0 0 0 0 0 0 0 1 0 0 0],0,0
1237,SID_450,[0 0 0 0 0 0 0 1 0 0 0],0,0
1238,SID_450,[0 0 0 0 0 0 0 1 0 0 0],0,0
1239,SID_450,[0 0 0 0 0 0 0 0 1 0 0],0,0
1240,SID_450,[0 0 0 0 0 0 0 0 1 0 0],1,0
1245,SID_450,[0 0 0 0 0 0 0 1 0 0 0],0,0
1246,SID_450,[0 0 0 0 0 0 0 1 0 0 0],0,0
1247,SID_450,[0 0 0 0 0 0 0 1 1 0 0],0,0
1247,SID_450,[0 0 0 0 0 0 0 1 1 0 0],0,0
1249,SID_450,[0 0 0 0 0 0 0 0 1 0 0],1,1
1250,SID_450,[0 0 0 0 0 0 0 1 0 0 0],0,0
1251,SID_450,[0 0 0 0 0 0 0 1 0 0 0],0,0
1254,SID_450,[0 0 0 0 0 0 0 1 0 0 0],0,0
1256,SID_450,[0 0 0 0 0 0 0 1 0 0 0],0,0
1258,SID_450,[0 0 0 0 0 0 0 1 0 0 0],0,0
1261,SID_450,[0 0 0 0 0 0 1 0 0 0 0],0,0
1264,SID_450,[0 0 0 0 0 0 0 1 0 0 0],0,0
1265,SID_450,[0 0 0 0 0 0 0 1 0 0 0],0,0
1268,SID_450,[0 0 0 0 0 0 0 0 0 1 0],1,1
1269,SID_450,[0 0 0 0 0 0 0 0 0 1 0],1,1
1270,SID_450,[0 0 0 0 0 0 0 1 0 0 0],0,0
1271,SID_450,[0 0 0 0 0 0 0 1 0 0 0],0,0
1290,SID_468,[0 0 0 0 1 0 0 0 0 0 0],0,0
1291,SID_468,[0 0 0 1 1 0 0 0 0 0 0],0,0
1291,SID_468,[0 0 0 1 1 0 0 0 0 0 0],0,0
1293,SID_468,[0 0 0 0 0 1 0 0 0 0 0],0,0
1295,SID_468,[0 0 0 0 0 0 0 1 0 0 0],0,0
1296,SID_468,[0 0 0 0 0 0 0 0 0 1 0],0,0
1297,SID_468,[0 0 0 0 0 0 0 1 0 0 0],0,0
1299,SID_468,[0 0 0 0 0 0 0 1 0 0 0],1,0
1306,SID_468,[0 0 0 0 0 0 0 1 0 0 0],0,0
1312,SID_468,[0 0 0 0 0 0 0 1 0 0 0],0,0
1319,SID_471,[0 0 0 0 1 0 0 0 0 0 0],0,0
1320,SID_471,[0 0 0 1 0 0 0 0 0 0 0],0,0
1322,SID_471,[0 0 0 1 1 0 0 0 0 0 0],0,0
1322,SID_471,[0 0 0 1 1 0 0 0 0 0 0],0,0
1323,SID_471,[0 0 0 1 0 0 0 0 0 0 0],0,0
1325,SID_471,[0 0 0 0 0 0 0 1 0 0 0],0,0
1326,SID_471,[0 0 0 0 0 0 0 1 0 0 0],0,0
1327,SID_471,[0 0 0 0 0 0 0 1 0 0 0],0,0
1330,SID_429,[0 0 0 0 0 0 0 0 0 1 0],0,0
1337,SID_471,[0 0 0 0 0 0 0 1 0 0 0],0,0
1339,SID_471,[0 0 0 0 0 0 0 1 0 0 0],0,0
1342,SID_471,[0 0 0 0 0 0 0 1 0 0 0],0,0
1345,SID_429,[0 0 0 0 0 0 0 1 0 0 0],0,1
1352,SID_476,[0 0 0 0 1 0 0 0 0 0 0],0,0
1353,SID_476,[0 0 0 0 1 0 0 0 0 0 0],0,0
1354,SID_476,[0 0 0 0 0 1 0 0 0 0 0],0,0
1355,SID_476,[0 0 0 0 1 0 0 0 0 0 0],0,0
1356,SID_476,[0 0 0 0 0 0 0 1 0 0 0],0,0
1358,SID_476,[0 0 0 0 0 0 0 0 1 0 0],1,0
1359,SID_476,[0 0 0 0 0 0 0 1 0 0 0],1,0
1360,SID_476,[0 0 0 0 0 0 0 0 0 1 0],1,1
1361,SID_430,[0 0 0 0 0 0 0 1 0 0 0],0,0
1363,SID_476,[0 0 0 0 0 0 0 1 0 0 0],1,0
1364,SID_476,[0 0 0 0 0 0 0 1 0 0 0],1,0
1366,SID_476,[0 0 0 0 0 0 0 1 0 0 0],0,0
1367,SID_476,[0 0 0 0 0 0 0 1 0 0 0],0,0
1368,SID_476,[0 0 0 0 0 0 0 1 0 0 0],0,0
1372,SID_430,[0 0 0 0 0 0 0 1 0 0 0],0,0
1375,SID_430,[0 0 0 0 0 0 0 1 0 0 0],0,0
1376,SID_476,[0 0 0 0 0 0 0 1 0 0 0],0,0
1378,SID_476,[0 0 0 0 0 0 0 1 0 0 0],0,0
1381,SID_476,[0 0 0 0 0 0 0 1 0 0 0],0,0
1382,SID_476,[0 0 0 0 0 0 0 1 0 0 0],0,0
1383,SID_476,[0 0 0 0 0 0 0 1 0 0 0],0,0
1385,SID_476,[0 0 0 0 0 0 0 1 0 0 0],0,0
1389,SID_476,[0 0 0 0 0 0 0 0 0 1 0],0,0
1391,SID_476,[0 0 0 0 0 0 0 1 0 0 0],0,0
1392,SID_476,[0 0 0 0 0 0 0 1 0 0 0],0,0
1394,SID_476,[0 0 0 0 0 0 0 1 0 0 0],1,1
1395,SID_476,[0 0 0 0 0 0 0 1 0 0 0],1,0
1402,SID_479,[0 0 0 1 0 0 0 0 0 0 0],0,0
1403,SID_479,[0 0 0 0 1 0 0 0 0 0 0],0,0
1404,SID_479,[0 0 0 1 0 0 0 0 0 0 0],0,0
1405,SID_479,[0 0 0 0 1 0 0 0 0 0 0],0,0
1406,SID_479,[0 0 0 0 1 0 0 0 0 0 0],0,0
1407,SID_479,[0 0 0 0 1 0 0 0 0 0 0],0,0
1412,SID_479,[0 0 0 0 0 1 0 0 0 0 0],0,0
1416,SID_479,[0 0 0 0 0 0 0 1 0 0 0],0,0
1419,SID_479,[0 0 0 1 1 0 0 0 0 0 0],0,0
1419,SID_479,[0 0 0 1 1 0 0 0 0 0 0],0,0
1420,SID_479,[0 0 0 0 0 0 0 1 0 0 0],0,0
1423,SID_479,[0 0 0 0 0 0 0 1 0 0 0],0,0
1428,SID_479,[0 0 0 0 0 0 0 1 0 0 0],0,0
1429,SID_431,[0 0 0 0 0 0 0 1 0 0 0],0,0
1430,SID_438,[0 0 0 0 0 0 0 1 0 0 0],0,0
1434,SID_479,[0 0 0 0 0 0 0 1 0 0 0],0,0
1435,SID_479,[0 0 0 0 0 0 0 1 0 0 0],0,0
1436,SID_479,[0 0 0 0 0 0 0 1 0 0 0],0,0
1437,SID_479,[0 0 0 0 0 0 0 1 0 0 0],0,0
1440,SID_479,[0 0 0 0 0 0 0 1 0 0 0],0,0
1443,SID_479,[0 0 0 0 0 0 0 1 0 0 0],0,0
1444,SID_479,[0 0 0 0 0 0 0 1 0 0 0],1,0
1446,SID_479,[0 0 0 0 0 0 0 1 0 0 0],0,0
1448,SID_479,[0 0 0 0 0 0 0 1 0 0 0],0,0
1449,SID_479,[0 0 0 0 0 0 0 1 0 0 0],0,0
1452,SID_479,[0 0 0 0 0 0 0 1 0 0 0],1,0
1455,SID_479,[0 0 0 0 0 0 0 1 0 0 0],1,0
1464,SID_482,[0 0 0 1 0 0 0 0 0 0 0],0,0
1466,SID_482,[0 0 0 1 0 0 0 0 0 0 0],0,0
1467,SID_482,[0 0 0 1 0 0 0 0 0 0 0],0,0
1468,SID_482,[0 0 0 1 0 0 0 0 0 0 0],0,0
1469,SID_482,[0 0 0 1 0 0 0 0 0 0 0],0,0
1471,SID_482,[0 0 0 0 1 0 0 0 0 0 0],0,0
1473,SID_482,[0 0 0 0 1 0 0 0 0 0 0],1,0
1475,SID_482,[0 0 0 0 1 0 0 0 0 0 0],0,0
1476,SID_482,[0 0 0 0 1 0 0 0 0 0 0],0,0
1477,SID_482,[0 0 0 0 1 0 0 0 0 0 0],0,0
1478,SID_482,[0 0 0 0 1 0 0 0 0 0 0],0,0
1480,SID_482,[0 0 0 1 1 0 0 0 0 0 0],0,0
1480,SID_482,[0 0 0 1 1 0 0 0 0 0 0],0,0
1484,SID_482,[0 0 0 0 1 0 0 0 0 0 0],0,0
1485,SID_482,[0 0 0 0 1 0 0 0 0 0 0],0,0
1486,SID_482,[0 0 0 0 1 0 0 0 0 0 0],0,0
1487,SID_482,[0 0 0 0 1 0 0 0 0 0 0],0,0
1488,SID_482,[0 0 0 0 1 0 0 0 0 0 0],1,0
1490,SID_482,[0 0 0 1 1 0 0 0 0 0 0],0,0
1490,SID_482,[0 0 0 1 1 0 0 0 0 0 0],0,0
1492,SID_445,[0 0 0 0 0 0 0 1 0 0 0],1,0
1493,SID_450,[0 0 0 0 0 0 0 1 0 0 0],1,0
1494,SID_482,[0 0 0 0 0 0 0 1 0 0 0],0,0
1497,SID_450,[0 0 0 0 0 0 0 1 0 0 0],0,0
1501,SID_482,[0 0 0 0 0 1 0 0 0 0 0],0,0
1503,SID_471,[0 0 0 0 0 0 0 1 0 0 0],0,0
1504,SID_471,[0 0 0 0 0 0 0 1 0 0 0],0,0
1505,SID_482,[0 0 0 0 0 0 0 1 0 0 0],0,0
1507,SID_482,[0 0 0 0 0 0 0 1 0 0 0],0,0
1509,SID_482,[0 0 0 0 0 0 0 1 0 0 0],1,0
1510,SID_482,[0 0 0 0 0 0 0 1 0 0 0],0,0
1513,SID_482,[0 0 0 0 0 0 0 1 0 0 0],0,0
1514,SID_482,[0 0 0 0 0 0 0 1 0 0 0],0,0
1515,SID_476,[0 0 0 0 0 0 0 1 0 0 0],1,0
1516,SID_482,[0 0 0 0 0 0 0 1 0 0 0],0,0
1518,SID_482,[0 0 0 0 0 0 0 1 0 0 0],0,0
1520,SID_482,[0 0 0 0 0 0 0 1 0 0 0],0,0
1523,SID_482,[0 0 0 0 0 0 0 1 0 0 0],0,0
1524,SID_482,[0 0 0 0 0 0 0 1 0 0 0],0,0
1525,SID_482,[0 0 0 0 0 0 0 1 0 0 0],0,0
1529,SID_482,[0 0 0 0 0 0 0 1 0 0 0],1,0
1530,SID_482,[0 0 0 0 0 0 0 1 0 0 0],1,1
1531,SID_482,[0 0 0 0 0 0 0 1 0 0 0],1,1
1533,SID_482,[0 0 0 0 0 0 0 1 0 0 0],1,1
1534,SID_482,[0 0 0 0 0 0 0 1 0 0 0],1,0
1542,SID_491,[0 0 0 0 1 0 0 0 0 0 0],0,0
1543,SID_491,[0 0 0 1 1 0 0 0 0 0 0],0,0
1543,SID_491,[0 0 0 1 1 0 0 0 0 0 0],0,0
1554,SID_491,[0 0 0 1 0 0 0 0 0 0 0],0,0
1556,SID_491,[0 0 0 0 0 0 0 1 0 0 0],0,0
1558,SID_491,[0 0 0 0 0 0 0 1 0 0 0],0,0
1562,SID_491,[0 0 0 0 0 0 1 1 0 0 0],1,0
1562,SID_491,[0 0 0 0 0 0 1 1 0 0 0],1,0
1568,SID_491,[0 0 0 0 0 0 0 1 0 0 0],0,0
1570,SID_491,[0 0 0 1 0 0 0 0 0 0 0],1,0
1571,SID_491,[0 0 0 0 0 0 0 0 0 1 0],0,0
1572,SID_491,[0 0 0 0 0 0 0 1 0 0 0],0,0
1574,SID_491,[0 0 0 0 0 0 0 1 0 1 0],1,1
1574,SID_491,[0 0 0 0 0 0 0 1 0 1 0],1,1
1576,SID_491,[0 0 0 0 0 0 0 1 0 0 0],0,0
1577,SID_491,[1 0 0 0 0 0 0 1 0 0 0],1,0
1582,SID_492,[0 0 0 0 1 0 0 0 0 0 0],0,0
1583,SID_492,[0 0 0 0 1 0 0 0 0 0 0],0,0
1584,SID_492,[0 0 0 0 1 0 0 0 0 0 0],0,0
1585,SID_492,[0 0 0 0 0 1 0 0 0 0 0],0,0
1595,SID_492,[0 0 0 0 0 0 1 0 0 0 0],0,0
1597,SID_492,[0 0 0 0 0 0 0 1 0 0 0],0,0
1598,SID_492,[0 0 0 0 0 0 0 1 0 0 0],0,0
1605,SID_492,[0 0 0 0 0 1 0 0 0 0 0],0,0
1606,SID_492,[0 0 0 0 0 1 0 0 0 0 0],0,0
1608,SID_492,[0 0 0 0 0 0 1 0 0 0 0],0,0
1609,SID_492,[0 0 0 0 0 1 0 0 0 0 0],0,0
1615,SID_492,[0 0 0 0 0 0 0 1 1 0 0],0,0
1615,SID_492,[0 0 0 0 0 0 0 1 1 0 0],0,0
1621,SID_492,[0 0 0 0 0 0 0 1 0 0 0],0,0
1623,SID_492,[0 0 0 0 0 0 0 1 0 0 0],1,0
1625,SID_492,[0 0 0 0 0 0 0 1 0 0 0],0,0
1626,SID_492,[0 0 0 0 0 0 0 0 0 1 0],1,1
1631,SID_512,[0 0 0 0 1 0 0 0 0 0 0],0,0
1632,SID_512,[0 0 0 0 1 0 0 0 0 0 0],0,0
1633,SID_512,[0 0 0 0 1 0 0 0 0 0 0],0,0
1634,SID_512,[0 0 0 0 1 0 0 0 0 0 0],0,0
1635,SID_512,[0 0 0 1 1 0 0 0 0 0 0],0,0
1635,SID_512,[0 0 0 1 1 0 0 0 0 0 0],0,0
1636,SID_512,[0 0 0 1 0 0 0 0 0 0 0],0,0
1637,SID_512,[0 0 0 1 0 0 0 0 0 0 0],0,0
1638,SID_512,[0 0 0 1 0 0 0 0 0 0 0],0,0
1642,SID_512,[0 0 0 0 0 1 0 0 0 0 0],0,0
1645,SID_512,[0 0 0 0 0 0 0 1 0 0 0],0,0
1646,SID_512,[0 0 0 0 0 0 0 1 0 1 0],0,0
1646,SID_512,[0 0 0 0 0 0 0 1 0 1 0],0,0
1647,SID_512,[0 0 0 0 0 0 0 1 0 0 0],1,0
1648,SID_512,[0 0 0 0 0 0 0 1 0 0 0],0,0
1649,SID_512,[0 0 0 0 0 0 0 1 0 0 0],0,0
1650,SID_512,[0 0 0 0 0 0 0 1 0 0 0],0,0
1651,SID_512,[0 0 0 0 0 0 0 1 0 0 0],0,0
1659,SID_512,[0 0 0 0 0 0 0 1 0 0 0],0,0
1667,SID_512,[0 0 0 0 0 0 1 0 0 0 0],0,0
1669,SID_520,[0 0 1 1 0 0 0 0 0 0 0],0,0
1671,SID_520,[0 0 0 1 0 0 0 0 0 0 0],0,0
1672,SID_520,[0 0 0 1 0 0 0 0 0 0 0],0,0
1673,SID_520,[0 0 0 0 1 0 0 0 0 0 0],0,0
1674,SID_520,[0 0 0 0 1 0 0 0 0 0 0],0,0
1675,SID_520,[0 0 0 0 1 0 0 0 0 0 0],0,0
1676,SID_520,[0 0 0 0 0 1 0 0 0 0 0],0,0
1677,SID_520,[0 0 0 0 1 1 0 0 0 0 0],0,0
1677,SID_520,[0 0 0 0 1 1 0 0 0 0 0],0,0
1679,SID_520,[0 0 0 0 0 0 0 1 0 0 0],0,0
1680,SID_520,[0 0 0 0 0 0 0 1 0 0 0],1,0
1681,SID_520,[0 0 0 0 0 0 0 1 0 0 0],0,0
1684,SID_520,[0 0 0 0 0 0 0 1 0 0 0],0,0
1686,SID_520,[0 0 0 0 0 0 0 1 0 0 0],0,1
1688,SID_520,[0 0 0 0 0 0 0 1 0 0 0],0,0
1690,SID_482,[0 0 0 0 0 0 0 1 0 0 0],0,0
1691,SID_520,[0 0 0 0 0 0 0 1 0 0 0],0,0
1692,SID_520,[0 0 0 0 0 0 0 1 0 0 0],0,0
1697,SID_521,[0 0 0 1 0 0 0 0 0 0 0],0,0
1701,SID_521,[0 0 0 1 0 0 0 0 0 0 0],0,0
1702,SID_521,[0 0 0 1 0 0 0 0 0 0 0],0,0
1703,SID_521,[0 0 0 1 1 0 0 0 0 0 0],0,0
1703,SID_521,[0 0 0 1 1 0 0 0 0 0 0],0,0
1705,SID_482,[0 0 0 0 0 0 0 1 0 0 0],0,0
1709,SID_521,[0 0 0 0 1 0 0 0 0 0 0],0,0
1730,SID_521,[0 0 0 1 0 0 0 0 0 0 0],0,0
1731,SID_521,[0 0 0 1 0 0 0 0 0 0 0],0,0
1732,SID_521,[0 0 0 1 0 0 0 0 0 0 0],0,0
1733,SID_521,[0 0 0 1 0 0 0 0 0 0 0],0,0
1734,SID_521,[0 0 0 1 0 0 0 0 0 0 0],0,0
1735,SID_521,[0 0 0 1 0 0 0 0 0 0 0],0,0
1736,SID_521,[0 0 0 1 0 0 0 0 0 0 0],0,0
1737,SID_521,[0 0 0 1 0 0 0 0 0 0 0],0,0
1738,SID_521,[0 0 0 1 0 0 0 0 0 0 0],0,0
1739,SID_521,[0 0 0 1 0 0 0 0 0 0 0],0,0
1740,SID_521,[0 0 0 1 0 0 0 0 0 0 0],0,0
1741,SID_521,[0 0 0 1 0 0 0 0 0 0 0],0,0
1743,SID_521,[0 0 0 1 0 0 0 0 0 0 0],0,0
1745,SID_521,[0 0 0 1 0 0 0 0 0 0 0],0,0
1747,SID_521,[0 0 0 1 0 0 0 0 0 0 0],0,0
1749,SID_521,[0 0 0 1 0 0 0 0 0 0 0],0,0
1750,SID_521,[0 0 0 1 0 0 0 0 0 0 0],0,0
1751,SID_521,[0 0 0 1 0 0 0 0 0 0 0],0,0
1762,SID_523,[0 0 0 0 1 0 0 0 0 0 0],0,0
1764,SID_523,[0 0 0 0 0 1 0 0 0 0 0],0,0
1765,SID_523,[0 0 0 0 1 0 0 0 0 0 0],0,0
1766,SID_523,[0 0 0 0 0 1 0 0 0 0 0],0,0
1770,SID_523,[0 0 0 0 0 0 0 0 1 0 0],0,0
1772,SID_523,[0 0 0 0 0 0 0 1 0 0 0],0,0
1774,SID_523,[0 0 0 0 0 0 0 1 0 0 0],0,0
1776,SID_523,[0 0 0 0 0 0 0 1 0 0 0],0,0
1777,SID_523,[0 0 0 0 0 0 1 0 0 0 0],0,0
1778,SID_523,[0 0 0 0 0 0 1 0 0 0 0],1,0
1784,SID_523,[0 0 0 0 0 0 1 0 0 0 0],1,0
1789,SID_523,[0 0 0 0 0 0 0 1 0 0 0],0,0
1790,SID_523,[0 0 0 0 0 0 0 1 0 0 0],0,0
1792,SID_523,[0 0 0 0 0 0 0 1 0 0 0],0,0
1794,SID_523,[0 0 0 0 0 0 0 1 0 0 0],1,0
1796,SID_523,[0 0 0 0 0 0 0 1 0 0 0],0,0
1797,SID_523,[0 0 0 0 0 0 0 1 0 0 0],1,0
1799,SID_523,[0 0 0 0 0 0 0 1 0 0 0],1,1
1801,SID_523,[0 0 0 0 0 0 0 0 0 1 0],0,0
1802,SID_523,[0 0 0 0 0 0 0 0 0 1 0],1,0
1804,SID_533,[0 0 0 0 1 0 0 0 0 0 0],0,0
1805,SID_533,[0 0 0 1 1 0 0 0 0 0 0],0,0
1805,SID_533,[0 0 0 1 1 0 0 0 0 0 0],0,0
1809,SID_533,[0 0 0 0 0 0 0 1 0 0 0],0,0
1810,SID_533,[0 0 0 1 0 0 0 0 0 0 0],0,0
1811,SID_533,[0 0 0 0 0 0 0 1 0 0 0],0,0
1812,SID_533,[0 0 0 0 0 0 0 1 0 0 0],0,0
1813,SID_533,[0 0 0 0 0 0 0 1 0 0 0],0,0
1814,SID_533,[0 0 0 0 0 0 0 1 0 0 0],0,0
1815,SID_533,[0 0 0 0 0 0 0 1 0 0 0],0,0
1816,SID_533,[0 0 0 0 0 0 0 0 0 1 0],0,0
1817,SID_533,[0 0 0 0 0 0 0 1 0 0 0],0,0
1818,SID_533,[0 0 0 0 0 0 0 1 0 0 0],0,0
1819,SID_533,[0 0 0 0 0 0 0 1 0 0 0],0,0
1820,SID_533,[0 0 0 0 0 0 0 1 0 0 0],1,0
1822,SID_533,[0 0 0 0 0 0 0 0 0 1 0],1,1
1823,SID_533,[0 0 0 0 0 0 0 0 0 1 0],1,1
1830,SID_534,[0 0 0 1 1 0 0 0 0 0 0],0,0
1830,SID_534,[0 0 0 1 1 0 0 0 0 0 0],0,0
1836,SID_482,[0 0 0 0 0 0 0 1 0 0 0],0,0
1837,SID_534,[0 0 0 0 0 0 0 0 0 0 1],0,0
1840,SID_534,[0 0 0 1 1 0 0 0 0 0 0],0,0
1840,SID_534,[0 0 0 1 1 0 0 0 0 0 0],0,0
1841,SID_534,[0 0 0 0 0 1 0 0 0 0 0],0,0
1842,SID_534,[0 0 0 0 0 1 0 0 0 0 0],0,0
1843,SID_534,[0 0 0 0 0 1 0 0 0 0 0],0,0
1844,SID_534,[0 0 0 0 0 1 0 0 0 0 0],0,0
1845,SID_534,[0 0 0 0 0 1 0 0 0 0 0],0,0
1848,SID_534,[0 0 0 0 0 0 0 1 0 0 0],0,0
1849,SID_482,[0 0 0 0 0 0 0 1 0 0 0],0,0
1850,SID_534,[0 0 0 0 0 0 0 1 0 0 0],0,0
1851,SID_534,[0 0 0 0 0 0 0 1 0 0 0],0,0
1852,SID_534,[0 0 0 0 0 0 0 1 0 0 0],0,0
1853,SID_534,[0 0 0 0 0 0 0 1 0 0 0],0,0
1855,SID_534,[0 0 0 0 0 0 0 1 0 0 0],0,0
1859,SID_520,[0 0 0 0 0 0 0 1 0 0 0],0,0
1863,SID_534,[0 0 0 0 0 0 1 0 0 0 0],0,0
1865,SID_534,[0 0 0 0 0 0 0 1 0 0 0],0,0
1866,SID_534,[0 0 0 0 0 0 0 1 0 0 0],0,0
1867,SID_534,[0 0 0 0 0 0 0 1 0 0 0],0,0
1868,SID_534,[0 0 0 0 0 0 1 0 0 0 0],0,0
1869,SID_534,[0 0 0 0 0 0 0 1 0 0 0],0,0
1871,SID_534,[0 0 0 0 0 0 1 0 0 0 0],0,0
1872,SID_534,[0 0 0 0 0 0 0 1 0 0 0],1,0
1874,SID_534,[0 0 0 0 0 0 0 0 0 1 0],0,0
1875,SID_534,[0 0 0 0 0 0 0 1 0 0 0],0,0
1876,SID_520,[0 0 0 0 0 0 0 1 0 0 0],0,0
1877,SID_534,[0 0 0 0 0 0 0 1 0 0 0],0,0
1878,SID_534,[0 0 0 0 0 0 0 1 0 0 0],0,0
1879,SID_534,[0 0 0 0 0 0 0 1 0 0 0],1,0
1883,SID_534,[0 0 0 0 0 0 0 1 0 0 0],0,0
1885,SID_534,[0 0 0 0 0 0 0 1 0 0 0],0,0
1887,SID_534,[0 0 0 0 0 0 0 0 1 0 0],1,0
1888,SID_534,[0 0 0 0 0 0 0 0 1 0 0],0,0
1891,SID_534,[0 0 0 0 0 0 0 0 1 0 0],1,0
1892,SID_534,[0 0 0 0 0 0 0 1 0 0 0],0,0
1893,SID_534,[0 0 0 0 0 0 0 1 0 0 0],0,0
1894,SID_534,[0 0 0 0 0 0 0 1 0 0 0],0,0
1895,SID_534,[0 0 0 0 0 0 0 1 0 0 0],1,0
1899,SID_534,[0 0 0 0 0 0 0 1 0 0 0],0,0
1901,SID_534,[0 0 0 0 0 0 0 0 0 1 0],0,0
1902,SID_534,[0 0 0 0 0 0 0 1 0 0 0],0,0
1925,SID_544,[0 0 0 0 1 0 0 0 0 0 0],0,0
1926,SID_544,[0 0 0 0 1 0 0 0 0 0 0],0,0
1927,SID_544,[0 0 0 1 1 0 0 0 0 0 0],0,0
1927,SID_544,[0 0 0 1 1 0 0 0 0 0 0],0,0
1928,SID_544,[0 0 0 0 0 1 0 0 0 0 0],0,0
1929,SID_544,[0 0 0 0 0 0 0 1 0 0 0],0,0
1932,SID_544,[0 0 0 1 0 0 0 0 0 0 0],0,0
1934,SID_544,[0 0 0 1 0 0 0 0 0 0 0],0,0
1936,SID_544,[0 0 0 0 0 0 0 1 0 0 0],0,0
1944,SID_534,[0 0 0 0 0 0 0 1 0 0 0],0,0
1947,SID_544,[0 0 0 0 0 0 0 1 0 0 0],0,0
1953,SID_544,[0 0 0 0 0 0 0 1 0 0 0],0,0
1955,SID_544,[0 0 0 0 0 0 0 1 0 0 0],0,0
1956,SID_544,[0 0 0 0 0 0 0 1 0 0 0],0,0
1962,SID_544,[0 0 0 0 0 0 0 1 0 0 0],0,0
1963,SID_544,[0 0 0 0 0 0 0 1 0 0 0],1,0
1964,SID_544,[0 0 0 0 0 0 0 1 0 0 0],1,0
1966,SID_544,[0 0 0 0 0 0 0 1 0 0 0],1,0
1968,SID_544,[0 0 0 0 0 0 0 1 0 0 0],0,0
1970,SID_544,[0 0 0 0 0 0 0 1 0 0 0],0,0
1971,SID_544,[0 0 0 0 0 0 0 1 0 0 0],0,0
1972,SID_544,[0 0 0 0 0 0 0 1 0 0 0],0,0
1973,SID_544,[0 0 0 0 0 0 0 0 1 0 0],0,0
1975,SID_544,[0 0 0 0 0 0 0 1 0 0 0],0,0
1976,SID_544,[0 0 0 0 0 0 0 1 0 0 0],0,0
1977,SID_544,[0 0 0 0 0 0 0 1 0 0 0],0,0
1978,SID_544,[0 0 0 0 0 0 0 0 0 1 0],0,0
1980,SID_544,[0 0 0 0 0 0 0 1 0 0 0],0,0
1981,SID_544,[0 0 0 0 0 0 0 1 0 0 0],0,0
1982,SID_544,[0 0 0 0 0 0 0 1 0 0 0],0,0
1986,SID_544,[0 0 0 0 0 0 0 1 0 0 0],0,0
1991,SID_544,[0 0 0 0 0 0 0 1 0 0 0],0,0
1992,SID_544,[0 0 0 0 0 0 0 1 0 0 0],0,0
1994,SID_544,[0 0 0 0 0 0 0 1 0 0 0],0,0
1999,SID_544,[0 0 0 0 0 0 0 1 0 0 0],1,0
2002,SID_544,[0 0 0 0 0 0 0 1 0 0 0],1,1
2003,SID_544,[0 0 0 0 0 0 0 1 0 0 0],0,0
2004,SID_544,[0 0 0 0 0 0 0 1 0 0 0],1,0
2006,SID_544,[0 0 0 0 0 0 0 0 0 1 0],0,0
2007,SID_544,[0 0 0 0 0 0 0 1 0 0 0],1,0
2008,SID_544,[0 0 0 0 0 0 1 0 0 0 0],1,0
2009,SID_544,[0 0 0 0 0 0 0 1 0 0 0],0,0
2020,SID_545,[0 0 0 1 0 0 0 0 0 0 0],0,0
2021,SID_545,[0 0 0 0 1 0 0 0 0 0 0],0,0
2022,SID_545,[0 0 0 0 1 0 0 0 0 0 0],0,0
2023,SID_545,[0 0 0 0 1 0 0 0 0 0 0],0,0
2024,SID_545,[0 0 0 0 0 0 1 0 0 0 0],0,0
2028,SID_545,[0 0 0 0 1 0 0 0 0 0 0],0,0
2029,SID_545,[0 0 0 0 0 0 1 0 0 0 0],0,0
2035,SID_545,[0 0 0 0 0 0 0 1 0 0 0],1,0
2036,SID_545,[0 0 0 0 0 0 0 1 0 0 0],1,0
2039,SID_545,[0 0 0 0 0 1 0 0 0 0 0],0,0
2040,SID_545,[0 0 0 0 0 1 0 0 0 0 0],0,0
2041,SID_545,[0 0 0 0 0 0 1 0 0 0 0],0,0
2042,SID_545,[0 0 0 0 0 1 0 0 0 0 0],0,0
2043,SID_545,[0 0 0 0 0 1 0 0 0 0 0],0,0
2046,SID_545,[0 0 0 0 1 0 0 0 0 0 0],0,0
2048,SID_545,[0 0 0 0 0 0 0 1 0 0 0],1,0
2061,SID_545,[0 0 0 0 0 0 0 1 0 0 0],0,0
2062,SID_545,[0 0 0 0 0 0 0 1 0 0 0],1,1
2071,SID_547,[0 0 0 0 0 0 0 1 0 0 0],1,0
2072,SID_547,[0 0 0 1 0 0 0 0 0 0 0],0,0
2073,SID_547,[0 0 0 0 1 0 0 0 0 0 0],0,0
2075,SID_547,[0 0 0 0 0 0 0 1 0 0 0],0,0
2079,SID_547,[0 0 0 0 0 0 0 1 0 0 0],0,0
2080,SID_547,[0 0 0 0 0 0 0 1 0 0 0],0,0
2081,SID_547,[0 0 0 0 0 0 0 1 0 0 0],0,0
2082,SID_547,[0 0 0 0 0 0 0 1 0 0 0],0,0
2083,SID_547,[0 0 0 0 0 0 0 1 0 0 0],0,0
2084,SID_547,[0 0 0 0 0 0 0 1 0 0 0],1,0
2085,SID_547,[0 0 0 0 0 0 0 1 0 0 0],0,0
2092,SID_547,[0 0 0 0 0 0 0 1 0 0 0],0,0
2097,SID_547,[0 0 0 0 0 0 0 1 0 0 0],0,0
2098,SID_547,[0 0 0 0 0 0 0 1 0 0 0],1,1
2099,SID_547,[0 0 0 0 0 0 0 1 0 0 0],0,0
2100,SID_547,[0 0 0 0 0 0 0 0 1 0 0],1,1
2101,SID_547,[0 0 0 0 0 0 0 0 1 0 0],0,0
2110,SID_548,[0 0 0 0 1 0 0 0 0 0 0],0,0
2111,SID_548,[0 0 0 1 1 0 0 0 0 0 0],0,0
2111,SID_548,[0 0 0 1 1 0 0 0 0 0 0],0,0
2112,SID_548,[0 0 0 0 1 0 0 0 0 0 0],0,0
2113,SID_548,[0 0 0 0 0 1 0 0 0 0 0],0,0
2115,SID_548,[0 0 0 0 0 0 0 1 0 0 0],0,0
2117,SID_548,[0 0 0 0 0 0 0 1 0 0 0],0,0
2118,SID_548,[0 0 0 0 0 0 0 1 0 0 0],0,0
2120,SID_548,[0 0 0 0 0 0 0 1 0 0 0],0,0
2121,SID_548,[0 0 0 0 0 0 0 1 0 0 0],0,0
2125,SID_548,[0 0 0 0 0 0 0 1 0 0 0],0,0
2135,SID_554,[0 0 0 1 1 0 0 0 0 0 0],0,0
2135,SID_554,[0 0 0 1 1 0 0 0 0 0 0],0,0
2136,SID_554,[0 0 0 0 1 0 0 0 0 0 0],0,0
2137,SID_554,[0 0 0 0 0 1 0 0 0 0 0],0,0
2141,SID_554,[0 0 0 0 0 0 0 1 0 0 0],0,0
2144,SID_554,[0 0 0 0 0 0 0 1 0 0 0],0,0
2147,SID_554,[0 0 0 0 0 0 0 1 0 0 0],0,0
2150,SID_554,[0 0 0 0 0 0 0 1 0 0 0],0,0
2158,SID_554,[0 0 0 0 0 0 0 1 0 0 0],0,0
2160,SID_554,[0 0 0 0 0 0 1 0 0 0 0],0,0
2161,SID_554,[0 0 0 0 0 0 0 1 0 0 0],0,0
2166,SID_554,[0 0 0 0 0 0 0 1 0 0 0],0,0
2171,SID_554,[0 0 0 0 0 0 0 1 0 0 0],0,0
2184,SID_554,[0 0 0 0 0 0 0 1 0 0 0],0,0
2187,SID_554,[0 0 0 0 0 0 0 1 0 0 0],0,0
2193,SID_554,[0 0 0 0 0 0 0 0 0 1 0],0,0
2196,SID_554,[0 0 0 0 0 0 0 0 0 1 0],0,0
2201,SID_577,[0 0 0 0 0 0 0 1 0 0 0],0,0
2202,SID_554,[0 0 0 0 0 0 0 1 0 0 0],0,0
2203,SID_554,[0 0 0 0 0 0 0 1 0 0 0],0,0
2204,SID_554,[0 0 0 0 0 0 0 1 0 0 0],1,0
2207,SID_554,[0 0 0 0 0 0 0 1 0 0 0],0,0
2212,SID_554,[0 0 0 1 0 0 0 0 0 0 0],0,0
2218,SID_556,[0 0 0 0 0 0 0 1 0 0 0],1,0
2220,SID_556,[0 0 0 0 1 0 0 0 0 0 0],0,0
2222,SID_556,[0 0 0 0 0 1 0 0 0 0 0],0,0
2223,SID_556,[0 0 0 0 1 0 0 0 0 0 0],0,0
2224,SID_556,[0 0 0 0 1 0 0 0 0 0 0],0,0
2225,SID_556,[0 0 0 0 0 1 1 0 0 0 0],0,0
2225,SID_556,[0 0 0 0 0 1 1 0 0 0 0],0,0
2228,SID_556,[0 0 0 0 0 0 1 0 0 0 0],0,0
2231,SID_556,[0 0 0 0 0 0 0 1 0 0 0],0,0
2232,SID_556,[0 0 0 0 0 0 0 1 0 0 0],0,0
2235,SID_556,[0 0 0 0 0 0 0 1 0 0 0],0,0
2237,SID_556,[0 0 0 0 0 0 0 1 0 0 0],0,0
2243,SID_556,[0 0 0 0 0 0 0 1 0 0 0],0,0
2245,SID_556,[0 0 0 0 0 0 0 1 0 0 0],0,0
2246,SID_556,[0 0 0 0 0 0 0 0 1 0 0],1,0
2255,SID_569,[0 0 0 1 0 0 0 0 0 0 0],0,0
2256,SID_569,[0 0 0 0 1 0 0 0 0 0 0],0,0
2257,SID_569,[0 0 0 0 0 1 0 0 0 0 0],0,0
2258,SID_569,[0 0 0 0 0 1 0 0 0 0 0],0,0
2259,SID_569,[0 0 0 0 0 1 0 0 0 0 0],0,0
2260,SID_569,[0 0 0 0 0 0 1 0 0 0 0],0,0
2262,SID_569,[0 0 0 0 0 0 0 1 0 0 0],0,0
2263,SID_569,[0 0 0 0 0 0 0 1 0 0 0],0,0
2264,SID_569,[0 0 0 0 0 0 0 1 0 0 0],0,0
2265,SID_569,[0 0 0 0 0 0 0 1 0 0 0],0,0
2266,SID_569,[0 0 0 0 0 0 0 1 0 0 0],0,0
2267,SID_569,[0 0 0 0 0 0 0 1 0 0 0],0,0
2271,SID_573,[0 0 0 0 1 0 0 0 0 0 0],0,0
2272,SID_573,[0 0 0 1 0 0 0 0 0 0 0],0,0
2273,SID_573,[0 0 0 0 0 1 0 0 0 0 0],0,0
2275,SID_573,[0 0 0 0 0 0 1 0 0 0 0],0,0
2276,SID_573,[0 0 0 0 0 0 1 0 0 0 0],0,0
2277,SID_573,[0 0 0 0 0 0 0 1 0 0 0],0,0
2285,SID_573,[0 0 0 0 0 0 0 1 0 0 0],0,0
2286,SID_573,[0 0 0 0 0 0 0 1 0 0 0],0,0
2287,SID_573,[0 0 0 0 0 0 0 1 0 1 0],0,0
2287,SID_573,[0 0 0 0 0 0 0 1 0 1 0],0,0
2288,SID_573,[0 0 0 0 0 0 0 1 0 1 0],1,1
2288,SID_573,[0 0 0 0 0 0 0 1 0 1 0],1,1
2289,SID_573,[0 0 0 0 0 0 0 1 0 0 0],0,1
2290,SID_573,[0 0 0 0 0 0 0 1 0 0 0],0,1
2302,SID_577,[0 0 0 1 0 0 0 0 0 0 0],0,0
2304,SID_577,[0 0 0 1 1 0 0 0 0 0 0],0,0
2304,SID_577,[0 0 0 1 1 0 0 0 0 0 0],0,0
2305,SID_577,[0 0 0 0 1 0 0 0 0 0 0],0,0
2319,SID_577,[0 0 0 0 0 0 0 1 0 0 0],0,0
2327,SID_577,[0 0 0 0 0 1 0 0 0 0 0],0,0
2328,SID_577,[0 0 0 0 0 1 0 0 0 0 0],0,0
2332,SID_577,[0 0 0 0 0 1 0 0 0 0 0],0,0
2333,SID_577,[0 0 0 0 0 1 0 0 0 0 0],0,0
2334,SID_577,[0 0 0 0 0 1 0 0 0 0 0],0,0
2335,SID_577,[0 0 0 0 0 1 0 0 0 0 0],0,0
2337,SID_577,[0 0 0 0 0 1 0 0 0 0 0],0,0
2338,SID_577,[0 0 0 0 0 0 1 0 0 0 0],0,0
2339,SID_577,[0 0 0 0 0 0 1 0 0 0 0],0,0
2342,SID_577,[0 0 0 0 0 0 0 1 0 0 0],1,0
2344,SID_577,[0 0 0 0 0 0 0 1 0 0 0],0,0
2349,SID_578,[0 0 0 0 0 0 0 1 0 0 0],0,0
2350,SID_577,[0 0 0 0 0 0 0 1 0 0 0],0,0
2356,SID_577,[0 0 0 0 0 0 0 1 0 0 0],0,0
2357,SID_577,[0 0 0 0 0 0 0 0 1 0 0],1,1
2359,SID_577,[0 0 0 0 0 0 0 1 0 0 0],0,0
2360,SID_577,[0 0 0 0 0 0 0 1 0 0 0],0,0
2361,SID_577,[0 0 0 0 0 0 0 1 0 0 0],1,1
2362,SID_577,[0 0 0 0 0 0 0 1 0 0 0],0,0
2363,SID_577,[0 0 0 0 0 0 0 1 0 0 0],0,0
2370,SID_578,[0 0 0 0 0 0 0 1 0 0 0],0,0
2371,SID_578,[0 0 0 0 0 0 0 1 0 0 0],0,0
2372,SID_578,[0 0 0 0 0 0 0 0 0 1 0],0,0
2373,SID_578,[0 0 0 0 0 0 0 1 0 0 0],0,0
2374,SID_578,[0 0 0 0 0 0 0 1 0 0 0],1,0
2375,SID_581,[0 0 0 0 0 0 0 1 0 0 0],0,0
2376,SID_578,[0 0 0 0 0 0 0 0 0 1 0],0,0
2379,SID_578,[0 0 0 1 0 0 0 0 0 0 0],0,0
2380,SID_578,[0 0 0 1 0 0 0 0 0 0 0],0,0
2389,SID_581,[0 0 0 0 0 0 0 1 0 0 0],1,0
2391,SID_581,[0 0 0 0 1 0 0 0 0 0 0],0,0
2393,SID_581,[0 0 0 0 0 1 0 0 0 0 0],0,0
2394,SID_581,[0 0 0 0 0 1 0 0 0 0 0],0,0
2396,SID_581,[0 0 0 0 0 0 0 1 0 0 0],1,0
2397,SID_581,[0 0 0 0 0 0 0 1 0 0 0],0,0
2399,SID_581,[0 0 0 0 0 0 0 1 0 0 0],0,0
2401,SID_581,[0 0 0 0 0 0 0 1 0 0 0],0,0
2402,SID_581,[0 0 0 0 0 0 0 1 0 0 0],1,0
2404,SID_583,[0 0 0 0 0 0 0 1 0 0 0],0,0
2406,SID_581,[0 0 0 0 0 0 0 1 0 0 0],0,0
2407,SID_581,[0 0 0 0 0 0 0 1 0 0 0],0,0
2409,SID_581,[0 0 0 0 0 0 0 1 0 0 0],0,0
2410,SID_581,[0 0 0 0 0 0 0 1 0 0 0],0,0
2411,SID_581,[0 0 0 0 0 0 0 1 0 0 0],0,0
2412,SID_581,[0 0 0 0 0 0 0 1 0 0 0],0,0
2414,SID_581,[0 0 0 0 0 0 0 1 0 0 0],0,0
2415,SID_581,[0 0 0 0 0 0 0 1 0 0 0],1,0
2416,SID_581,[0 0 0 0 0 0 0 1 0 0 0],1,0
2418,SID_581,[0 0 0 0 0 0 0 1 0 0 0],0,0
2421,SID_581,[0 0 0 0 0 0 1 0 0 0 0],0,0
2422,SID_581,[0 0 0 0 0 0 0 0 0 1 0],0,1
2423,SID_581,[0 0 0 0 0 0 0 0 0 1 0],1,0
2425,SID_581,[0 0 0 0 0 0 0 1 0 0 0],1,0
2434,SID_583,[0 0 0 0 1 0 0 0 0 0 0],0,0
2457,SID_583,[0 0 0 1 1 0 0 0 0 0 0],0,0
2457,SID_583,[0 0 0 1 1 0 0 0 0 0 0],0,0
2459,SID_583,[0 0 0 1 1 0 0 0 0 0 0],0,0
2459,SID_583,[0 0 0 1 1 0 0 0 0 0 0],0,0
2460,SID_583,[0 0 0 1 1 0 0 0 0 0 0],0,0
2460,SID_583,[0 0 0 1 1 0 0 0 0 0 0],0,0
2462,SID_583,[0 0 0 0 0 0 0 1 0 0 0],0,0
2465,SID_583,[0 0 0 0 0 1 0 0 0 0 0],0,0
2466,SID_583,[0 0 0 0 0 0 1 0 0 0 0],0,0
2467,SID_583,[0 0 0 0 0 1 0 0 0 0 0],0,0
2468,SID_583,[0 0 0 0 0 0 1 0 0 0 0],0,0
2469,SID_583,[0 0 0 0 0 0 0 1 0 1 0],1,1
2469,SID_583,[0 0 0 0 0 0 0 1 0 1 0],1,1
2471,SID_583,[0 0 0 0 0 0 0 1 0 0 0],1,0
2473,SID_583,[0 0 0 0 0 0 0 1 0 0 0],1,0
2474,SID_583,[0 0 0 0 0 0 0 1 0 0 0],0,0
2479,SID_583,[0 0 0 0 0 0 0 1 0 0 0],1,0
2482,SID_583,[0 0 0 0 0 0 0 1 0 0 0],0,0
2484,SID_583,[0 0 0 0 0 0 0 1 0 0 0],1,0
2492,SID_583,[0 0 0 0 0 0 0 1 0 0 0],0,0
2493,SID_583,[0 0 0 0 0 0 0 1 0 0 0],0,0
2494,SID_583,[0 0 0 0 0 0 0 1 0 0 0],0,0
2495,SID_583,[0 0 0 0 0 0 0 1 0 0 0],0,0
2497,SID_583,[0 0 0 0 0 0 0 1 0 0 0],1,0
2498,SID_583,[0 0 0 0 0 0 0 1 0 0 0],1,1
2499,SID_583,[0 0 0 0 0 0 0 0 0 1 0],0,0
2501,SID_583,[0 0 0 0 0 0 0 1 0 0 0],0,1
2511,SID_583,[0 0 0 0 0 0 0 0 0 1 0],0,0
2512,SID_583,[0 0 0 0 0 0 0 0 0 1 0],0,0
2530,SID_583,[0 0 0 0 0 0 0 1 0 0 0],1,0
2532,SID_583,[0 0 0 0 0 0 0 1 0 0 0],0,0
2533,SID_583,[0 0 0 0 0 0 0 1 0 0 0],1,0
2534,SID_583,[0 0 0 0 0 0 1 0 0 0 0],0,0
2535,SID_583,[0 0 0 0 0 0 1 0 0 0 0],0,0
2541,SID_583,[0 0 0 0 0 0 0 1 0 0 0],0,0
2548,SID_429,[0 0 0 0 0 0 0 1 0 0 0],0,0
2549,SID_583,[0 0 0 0 0 0 0 0 1 0 0],0,0
2551,SID_583,[0 0 0 0 0 0 1 0 0 0 0],0,0
2552,SID_583,[0 0 0 0 0 0 0 1 0 0 0],0,0
2553,SID_583,[0 0 0 0 0 0 0 1 0 0 0],1,0
2554,SID_583,[0 0 0 0 0 0 0 1 0 0 0],0,0
2575,SID_583,[0 0 0 0 0 0 0 1 0 0 0],1,1
2577,SID_430,[0 0 0 0 0 0 0 1 0 0 0],0,0
2582,SID_583,[0 0 0 0 0 0 0 1 0 0 0],0,1
2586,SID_583,[0 0 0 0 0 0 0 1 0 0 0],0,1
2589,SID_583,[0 0 0 0 0 1 0 0 0 0 0],0,1
2592,SID_583,[0 0 0 0 0 0 0 1 0 0 0],1,1
2600,SID_583,[0 0 0 0 0 0 0 1 0 0 0],0,1
2602,SID_583,[0 0 0 0 0 0 0 1 0 0 0],1,1
2603,SID_583,[0 0 0 0 0 0 0 1 0 0 0],0,1
2607,SID_583,[0 0 0 0 0 0 0 1 0 0 0],1,1
2619,SID_583,[0 0 0 0 0 0 0 1 0 0 0],0,1
2620,SID_583,[0 0 0 0 0 0 0 1 0 0 0],1,1
2622,SID_583,[0 0 0 0 0 0 0 1 0 0 0],0,1
2632,SID_584,[0 0 0 1 0 0 0 0 0 0 0],0,0
2634,SID_584,[0 0 0 1 1 0 0 0 0 0 0],0,0
2634,SID_584,[0 0 0 1 1 0 0 0 0 0 0],0,0
2635,SID_584,[0 0 0 0 1 0 0 0 0 0 0],0,0
2636,SID_584,[0 0 0 0 1 0 0 0 0 0 0],0,0
2637,SID_584,[0 0 0 1 1 0 0 0 0 0 0],0,0
2637,SID_584,[0 0 0 1 1 0 0 0 0 0 0],0,0
2638,SID_584,[0 0 0 1 1 0 0 0 0 0 0],0,0
2638,SID_584,[0 0 0 1 1 0 0 0 0 0 0],0,0
2642,SID_584,[0 0 0 0 0 0 0 1 0 0 0],0,0
2643,SID_584,[0 0 0 0 0 0 0 1 0 0 0],0,0
2645,SID_584,[0 0 0 0 0 0 0 1 0 0 0],0,0
2650,SID_584,[0 0 0 0 0 0 0 0 0 1 0],1,0
2657,SID_588,[0 0 0 0 1 0 0 0 0 0 0],0,0
2661,SID_588,[0 0 0 0 0 0 1 0 0 0 0],0,0
2662,SID_588,[0 0 0 0 0 0 1 0 0 0 0],0,0
2663,SID_588,[0 0 0 0 0 0 0 1 0 0 0],0,0
2666,SID_588,[0 0 0 0 0 0 0 1 0 0 0],0,0
2668,SID_588,[0 0 0 0 0 0 0 1 0 0 0],0,0
2670,SID_588,[0 0 0 0 0 0 0 1 0 1 0],1,1
2670,SID_588,[0 0 0 0 0 0 0 1 0 1 0],1,1
2672,SID_588,[0 0 0 0 0 0 0 1 0 0 0],1,1
2673,SID_588,[0 0 0 0 0 0 0 1 0 0 0],0,0
2675,SID_588,[0 0 0 0 0 0 0 0 0 1 0],1,1
2676,SID_588,[0 0 0 0 0 0 0 0 0 1 0],1,1
2680,SID_588,[0 0 0 0 0 0 0 0 0 1 0],1,0
2683,SID_588,[0 0 0 1 0 0 0 0 0 0 0],0,0
2690,SID_589,[0 0 0 0 0 0 0 1 0 0 0],0,0
2693,SID_589,[0 0 0 0 0 0 0 1 0 0 0],1,0
2699,SID_589,[0 0 0 0 0 0 0 1 0 0 0],0,0
2701,SID_589,[0 0 0 0 1 0 0 0 0 0 0],0,0
2702,SID_589,[0 0 0 0 0 1 0 0 0 0 0],0,0
2703,SID_589,[0 0 0 0 0 1 0 0 0 0 0],1,0
2704,SID_589,[0 0 0 0 0 1 0 0 0 0 0],0,0
2705,SID_589,[0 0 0 0 0 1 0 1 0 0 0],0,0
2705,SID_589,[0 0 0 0 0 1 0 1 0 0 0],0,0
2707,SID_589,[0 0 0 0 0 1 0 0 0 0 0],0,0
2708,SID_589,[0 0 0 0 0 1 0 0 0 0 0],0,0
2709,SID_589,[0 0 0 0 0 0 0 1 0 0 0],0,0
2710,SID_589,[0 0 0 0 0 0 0 1 0 0 0],1,1
2711,SID_589,[0 0 0 0 0 0 0 1 0 0 0],0,0
2712,SID_589,[0 0 0 0 0 0 1 0 0 0 0],0,0
2713,SID_589,[0 0 0 0 0 0 0 1 0 0 0],0,0
2714,SID_589,[0 0 0 0 0 1 0 0 0 0 0],0,0
2715,SID_589,[0 0 0 0 0 0 1 0 0 0 0],0,0
2716,SID_589,[0 0 0 0 0 1 0 0 0 0 0],0,0
2717,SID_589,[0 0 0 0 0 0 0 1 0 0 0],0,0
2719,SID_589,[0 0 0 0 0 0 0 1 0 0 0],0,0
2720,SID_589,[0 0 0 0 0 0 1 0 0 0 0],0,0
2721,SID_589,[0 0 0 0 0 0 0 1 0 0 0],0,0
2723,SID_589,[0 0 0 0 0 0 0 1 0 1 0],1,0
2723,SID_589,[0 0 0 0 0 0 0 1 0 1 0],1,0
2724,SID_589,[0 0 0 0 0 0 0 1 0 0 0],0,1
2725,SID_589,[0 0 0 0 0 0 0 1 0 0 0],0,1
2726,SID_589,[0 0 0 0 0 0 0 1 0 1 0],0,1
2726,SID_589,[0 0 0 0 0 0 0 1 0 1 0],0,1
2727,SID_589,[0 0 0 0 0 0 0 1 0 0 0],1,1
2728,SID_589,[1 0 0 0 0 0 0 1 0 0 0],0,1
2731,SID_593,[0 0 1 1 0 0 0 0 0 0 0],0,0
2733,SID_593,[0 0 0 0 1 0 0 0 0 0 0],0,0
2735,SID_593,[0 0 0 0 1 0 0 0 0 0 0],0,0
2736,SID_593,[0 0 0 0 1 0 0 0 0 0 0],0,0
2743,SID_593,[0 0 0 0 0 0 0 0 0 1 0],1,0
2744,SID_593,[0 0 0 0 0 1 0 0 0 0 0],0,0
2749,SID_593,[0 0 0 0 0 1 0 0 0 0 0],0,0
2750,SID_593,[0 0 0 0 0 1 0 0 0 0 0],0,0
2751,SID_593,[0 0 0 0 0 0 0 1 0 0 0],0,0
2752,SID_593,[0 0 0 0 0 0 0 0 1 0 0],1,1
2766,SID_595,[0 0 0 0 1 0 0 0 0 0 0],0,0
2767,SID_595,[0 0 0 0 1 0 0 0 0 0 0],0,0
2768,SID_595,[0 0 0 1 1 0 0 0 0 0 0],0,0
2768,SID_595,[0 0 0 1 1 0 0 0 0 0 0],0,0
2769,SID_595,[0 0 0 0 1 0 0 0 0 0 0],0,0
2771,SID_595,[0 0 0 1 0 0 0 0 0 0 0],0,0
2772,SID_595,[0 0 0 0 1 0 0 0 0 0 0],0,0
2773,SID_595,[0 0 0 1 1 0 0 0 0 0 0],0,0
2773,SID_595,[0 0 0 1 1 0 0 0 0 0 0],0,0
2774,SID_595,[0 0 0 0 0 0 1 0 0 0 0],0,0
2775,SID_595,[0 0 0 0 0 1 0 0 0 0 0],0,0
2776,SID_595,[0 0 0 0 0 0 1 0 0 0 0],0,0
2777,SID_595,[0 0 0 0 1 0 0 0 0 0 0],0,0
2778,SID_595,[0 0 0 0 0 0 1 0 0 0 0],0,0
2779,SID_595,[0 0 0 0 0 0 1 0 0 0 0],0,0
2780,SID_595,[0 0 0 0 0 1 0 0 0 0 0],0,0
2781,SID_595,[0 0 0 0 0 0 1 0 0 0 0],0,0
2783,SID_595,[0 0 0 0 0 0 1 0 0 0 0],1,0
2784,SID_595,[0 0 0 0 0 0 1 0 0 0 0],0,0
2790,SID_595,[0 0 0 0 0 0 0 1 0 0 0],1,0
2791,SID_595,[0 0 0 0 0 0 0 1 0 0 0],0,0
2794,SID_595,[0 0 0 0 0 0 0 1 0 0 0],1,0
2795,SID_595,[0 0 0 0 0 0 0 1 0 0 0],0,0
2796,SID_595,[0 0 0 0 0 0 0 0 0 1 0],1,0
2798,SID_595,[0 0 0 0 0 0 0 1 0 0 0],1,0
2800,SID_595,[0 0 0 0 0 0 0 1 0 0 0],1,0
2801,SID_595,[0 0 0 0 0 0 0 0 0 1 0],0,0
2802,SID_595,[0 0 0 0 0 0 0 1 0 0 0],0,0
2803,SID_595,[0 0 0 0 0 0 0 1 0 0 0],1,0
2804,SID_595,[0 0 0 0 0 0 0 1 0 0 0],0,0
2806,SID_595,[0 0 0 0 0 0 1 0 0 0 0],0,0
2807,SID_595,[0 0 0 0 0 0 1 0 0 0 0],0,0
2808,SID_595,[0 0 0 0 0 0 1 0 0 0 0],0,0
2810,SID_595,[0 0 0 0 0 0 0 1 1 0 0],0,0
2810,SID_595,[0 0 0 0 0 0 0 1 1 0 0],0,0
2811,SID_595,[0 0 0 0 0 0 0 1 0 0 0],1,1
2812,SID_595,[0 0 0 0 0 0 0 1 0 0 0],1,1
2820,SID_595,[0 0 0 0 0 0 0 1 0 0 0],1,1
2821,SID_595,[0 0 0 0 0 0 0 1 0 0 0],0,0
2822,SID_595,[0 0 0 0 0 0 0 1 0 0 0],1,1
2824,SID_595,[0 0 0 0 0 0 0 1 0 0 0],1,1
2825,SID_595,[0 0 0 0 0 0 0 1 0 0 0],0,1
2826,SID_595,[0 0 0 0 0 0 0 1 0 0 0],1,0
2827,SID_595,[0 0 0 0 0 0 0 1 0 0 0],1,0
2828,SID_595,[0 0 0 0 0 0 0 1 0 0 0],1,0
2830,SID_595,[0 0 0 0 0 0 0 1 0 0 0],0,0
2832,SID_595,[0 0 0 0 0 0 0 1 0 0 0],0,1
2834,SID_595,[0 0 0 0 0 0 0 0 1 0 0],0,1
2835,SID_595,[0 0 0 0 0 0 0 0 1 0 0],0,1
2836,SID_595,[0 0 0 0 0 0 0 0 0 1 0],1,1
2840,SID_598,[0 0 0 0 1 0 0 0 0 0 0],0,0
2844,SID_598,[0 0 0 0 0 0 0 1 0 0 0],0,0
2851,SID_598,[0 0 0 1 1 0 0 0 0 0 0],0,0
2851,SID_598,[0 0 0 1 1 0 0 0 0 0 0],0,0
2852,SID_598,[0 0 0 0 0 0 1 0 0 0 0],0,0
2854,SID_598,[0 0 0 0 1 0 0 0 0 0 0],0,0
2855,SID_598,[0 0 0 0 0 1 0 0 0 0 0],0,0
2856,SID_598,[0 0 0 0 0 0 0 1 0 0 0],1,1
2860,SID_598,[0 0 0 0 0 0 1 0 0 0 0],0,0
2865,SID_598,[0 0 0 0 0 0 0 1 0 1 0],0,0
2865,SID_598,[0 0 0 0 0 0 0 1 0 1 0],0,0
2867,SID_598,[0 0 0 0 0 0 1 0 0 0 0],0,0
2868,SID_598,[0 0 0 0 0 0 0 1 0 0 0],0,1
